Name,Age,Tm,G,PA,AB,R,H,2B,3B,HR,RBI,SB,CS,BB,SO,HBP,IBB
A.J. Ellis,29,LAD,44,128,108,6,30,5,0,0,16,0,0,14,18,1,1
A.J. Pierzynski,33,CHW,128,503,474,43,128,29,0,9,56,3,4,15,39,6,2
Aaron Cook,31,COL,25,45,40,5,6,2,0,0,1,0,0,0,17,0,0
Aaron Cunningham,24,SDP,53,147,132,17,38,12,1,1,15,1,3,7,28,3,1
Aaron Harang,32,CIN,21,40,37,1,5,1,0,0,2,0,0,0,13,0,0
Aaron Hill,28,TOR,138,580,528,70,108,22,0,26,68,2,2,41,85,8,2
Aaron Miles,33,STL,79,151,139,14,39,5,0,0,9,0,1,6,14,1,1
Aaron Rowand,32,SFG,105,357,331,42,76,12,2,11,34,5,3,16,74,8,3
Adam Dunn,30,WSN,158,648,558,85,145,36,2,38,103,0,1,77,199,9,10
Adam Everett,33,DET,31,89,81,6,15,5,0,0,4,2,1,4,18,0,0
Adam Jones,24,BAL,149,621,581,76,165,25,5,19,69,7,7,23,119,13,1
Adam Kennedy,34,WSN,135,389,342,43,85,16,1,3,31,14,2,37,44,5,1
Adam LaRoche,30,ARI,151,615,560,75,146,37,2,25,100,0,1,48,172,3,4
Adam Lind,26,TOR,150,613,569,57,135,32,3,23,72,0,0,38,144,3,3
Adam Moore,26,SEA,60,218,205,12,40,6,0,4,15,0,1,8,63,2,1
Adam Rosales,27,OAK,80,279,255,31,69,8,2,7,31,2,2,19,65,1,0
Adam Wainwright,28,STL,36,96,84,4,14,5,0,0,6,0,0,7,23,0,0
Adrian Beltre,31,BOS,154,641,589,84,189,49,2,28,102,2,1,40,82,5,10
Adrian Gonzalez,28,SDP,160,693,591,87,176,33,0,31,101,0,0,93,114,2,35
Akinori Iwamura,31,TOT,64,229,196,21,34,7,1,2,13,3,1,31,41,0,0
Albert Pujols,30,STL,159,700,587,115,183,39,1,42,118,14,4,103,76,4,38
Alberto Callaspo,27,TOT,146,601,562,61,149,27,2,10,56,5,3,31,42,1,3
Alberto Gonzalez,27,WSN,114,198,186,19,46,8,1,0,5,0,0,7,30,1,0
Alcides Escobar,23,MIL,145,552,506,57,119,14,10,4,41,10,4,36,70,3,7
Alejandro De Aza,26,CHW,19,32,30,7,9,3,0,0,2,2,1,1,4,0,0
Alex Avila,23,DET,104,333,294,28,67,12,0,7,31,2,2,36,71,2,0
Alex Cora,34,TOT,66,194,176,14,37,6,3,0,20,4,1,10,16,4,1
Alex Gonzalez,33,TOT,157,640,595,74,149,42,3,23,88,1,2,31,118,7,2
Alex Gordon,26,KCR,74,281,242,34,52,10,0,8,20,1,5,34,62,2,1
Alex Presley,24,PIT,19,25,23,2,6,1,0,0,0,1,1,1,8,0,0
Alex Rios,29,CHW,147,617,567,89,161,29,3,21,88,34,14,38,93,7,4
Alex Rodriguez,34,NYY,137,595,522,74,141,29,2,30,125,4,3,59,98,3,1
Alex Sanabia,21,FLA,14,26,22,0,1,0,0,0,0,0,0,0,11,1,0
Alexei Ramírez,28,CHW,156,626,585,83,165,29,2,18,70,13,8,27,82,2,2
Alexi Casilla,25,MIN,69,170,152,26,42,7,4,1,20,6,1,13,17,0,0
Alfonso Soriano,34,CHC,147,548,496,67,128,40,3,24,79,5,1,45,123,3,3
Allen Craig,25,STL,44,124,114,12,28,7,0,4,18,0,1,9,26,0,1
Anderson Hernandez,27,TOT,54,119,109,13,24,5,0,0,3,3,0,10,19,0,0
Andre Ethier,28,LAD,139,585,517,71,151,33,1,23,82,2,1,59,102,3,11
Andres Blanco,26,TEX,68,185,166,17,46,10,1,0,13,0,2,11,24,3,1
Andres Torres,32,SFG,139,570,507,84,136,43,8,16,63,26,7,56,128,2,2
Andrew McCutchen,23,PIT,154,653,570,94,163,35,5,16,56,33,10,70,89,5,1
Andruw Jones,33,CHW,107,328,278,41,64,12,1,19,48,9,2,45,73,3,0
Andy LaRoche,26,PIT,102,271,247,26,51,8,0,4,16,1,1,19,43,2,0
Andy Marte,26,CLE,80,188,170,18,39,7,2,5,19,0,3,17,35,0,0
Angel Pagan,28,NYM,151,633,579,80,168,31,7,11,69,37,9,44,97,1,5
Angel Sanchez,26,TOT,66,272,253,30,70,9,4,0,25,0,1,11,45,2,0
Anibal Sanchez,26,FLA,31,69,59,3,6,0,0,0,1,0,0,4,28,0,0
Aramis Ramirez,32,CHC,124,507,465,61,112,21,1,25,83,0,0,34,90,3,3
Argenis Diaz,23,PIT,22,36,33,0,8,1,0,0,2,0,1,3,10,0,1
Asdrubal Cabrera,24,CLE,97,425,381,39,105,16,1,3,29,6,4,25,60,5,0
Aubrey Huff,33,SFG,157,668,569,100,165,35,5,26,86,7,0,83,91,9,5
Augie Ojeda,35,ARI,59,92,79,6,15,3,0,0,5,0,1,8,8,0,0
Austin Jackson,23,DET,151,675,618,103,181,34,10,4,41,27,6,47,170,4,4
Austin Kearns,30,TOT,120,461,403,55,106,21,1,10,49,4,1,46,116,10,2
Barry Enright,24,ARI,18,37,33,1,8,1,0,0,6,0,0,0,9,0,0
Barry Zito,32,SFG,32,66,51,1,6,0,0,0,2,0,0,1,17,0,0
Ben Francisco,28,PHI,88,197,179,24,48,13,0,6,28,8,0,14,35,2,1
Ben Revere,22,MIN,13,30,28,1,5,0,0,0,2,0,1,2,5,0,0
Ben Zobrist,29,TBR,151,655,541,77,129,28,2,10,75,24,3,92,107,3,1
Bengie Molina,35,TOT,118,416,377,27,94,12,1,5,36,0,0,24,34,4,4
Bill Hall,30,BOS,119,382,344,44,85,16,1,18,46,9,1,34,104,1,0
Billy Butler,24,KCR,158,678,595,77,189,45,0,15,78,0,0,69,78,5,8
Blake DeWitt,24,TOT,135,496,440,47,115,24,5,5,52,3,2,47,86,4,8
Blake Hawksworth,27,STL,44,18,16,0,0,0,0,0,0,0,0,0,9,0,0
Bobby Abreu,36,LAA,154,667,573,88,146,41,1,20,78,24,10,87,132,2,3
Bobby Crosby,30,TOT,70,189,168,9,37,10,0,1,13,0,3,17,38,1,2
Bobby Scales,32,CHC,10,20,13,4,4,0,0,0,2,1,0,7,5,0,0
Bobby Wilson,27,LAA,40,106,96,12,22,6,0,4,15,0,0,8,23,0,0
Brad Ausmus,41,LAD,21,71,63,4,14,2,0,0,2,0,0,7,15,1,1
Brad Davis,27,FLA,33,123,109,8,23,7,1,3,16,2,0,9,37,1,2
Brad Eldred,29,COL,11,27,24,4,6,1,0,1,3,0,0,2,10,1,0
Brad Hawpe,31,TOT,103,346,298,31,73,21,2,9,44,2,1,42,85,2,4
Brad Lincoln,25,PIT,10,18,15,0,6,0,0,0,3,0,0,0,3,0,0
Brad Penny,32,STL,9,20,19,1,3,0,0,1,4,0,0,0,6,0,0
Brad Snyder,28,CHC,12,28,27,1,5,1,0,0,5,0,0,1,12,0,0
Brandon Allen,24,ARI,22,56,45,5,12,3,0,1,6,0,0,10,20,0,1
Brandon Inge,33,DET,144,580,514,47,127,28,5,13,70,4,3,54,134,5,4
Brandon Moss,26,PIT,17,27,26,2,4,1,0,0,2,0,0,1,6,0,0
Brandon Phillips,29,CIN,155,687,626,100,172,33,5,18,59,16,12,46,83,8,1
Brandon Snyder,23,BAL,10,20,20,1,6,2,0,0,3,0,1,0,3,0,0
Brandon Wood,25,LAA,81,243,226,20,33,2,0,4,14,1,0,6,71,2,0
Brayan Pena,28,KCR,60,174,158,11,40,10,0,1,19,2,0,12,27,1,0
Brendan Harris,29,MIN,43,120,108,11,17,3,0,1,4,0,0,9,23,2,0
Brendan Ryan,28,STL,139,486,439,50,98,19,3,2,36,11,4,33,60,2,5
Brennan Boesch,25,DET,133,512,464,49,119,26,3,14,67,7,1,40,99,5,5
Brent Lillibridge,26,CHW,64,101,98,19,22,5,2,2,16,5,3,3,36,0,0
Brent Morel,23,CHW,21,70,65,9,15,3,0,3,7,2,0,4,17,0,0
Brett Carroll,27,FLA,32,90,76,13,15,4,0,2,7,2,1,6,29,7,3
Brett Gardner,26,NYY,150,569,477,97,132,20,7,5,47,47,9,79,101,5,1
Brett Hayes,26,FLA,26,83,77,6,16,6,1,2,6,0,0,6,26,0,1
Brett Myers,29,HOU,31,76,62,2,11,1,0,0,2,0,0,2,25,0,0
Brett Wallace,23,HOU,51,159,144,14,32,6,1,2,13,0,0,8,50,7,3
Brian Barden,29,FLA,35,32,28,2,5,0,0,0,3,0,2,3,12,1,0
Brian Bogusevic,26,HOU,19,32,28,5,5,3,0,0,3,1,1,3,12,0,0
Brian Burres,29,PIT,20,27,25,0,3,0,1,0,3,0,0,0,14,0,0
Brian McCann,26,ATL,143,566,479,63,129,25,0,21,77,5,2,74,98,9,10
Brian Roberts,32,BAL,59,261,230,28,64,14,0,4,15,12,2,26,40,2,1
Brian Schneider,33,PHI,47,147,125,17,30,4,1,4,15,0,0,19,25,1,2
Bronson Arroyo,33,CIN,32,77,68,5,10,0,0,1,8,0,0,2,31,0,0
Brooks Conrad,30,ATL,103,177,156,31,39,11,1,8,33,5,1,16,45,1,0
Bryan Anderson,23,STL,15,35,32,1,9,2,0,0,4,0,0,1,7,1,0
Bryan Petersen,24,FLA,23,25,24,1,2,0,0,0,2,0,0,1,6,0,0
Bud Norris,25,HOU,27,56,44,2,7,2,0,0,2,0,0,2,13,0,0
Buster Posey,23,SFG,108,443,406,58,124,23,2,18,67,0,2,30,55,4,5
Cameron Maybin,23,FLA,82,322,291,46,68,7,3,8,28,9,2,24,92,5,1
Carl Crawford,28,TBR,154,663,600,110,184,30,13,19,90,47,10,46,104,3,3
Carlos Beltran,33,NYM,64,255,220,21,56,11,3,7,27,3,1,30,39,1,5
Carlos Gomez,24,MIL,97,318,291,38,72,11,3,5,24,18,3,17,72,4,1
Carlos Gonzalez,24,COL,145,636,587,111,197,34,9,34,117,26,8,40,135,2,8
Carlos Guillen,34,DET,68,275,253,26,69,17,1,6,34,1,2,21,41,0,2
Carlos Lee,34,HOU,157,649,605,67,149,29,1,24,89,3,3,37,59,3,1
Carlos Monasterios,24,LAD,31,18,14,1,1,0,0,0,0,0,0,0,7,0,0
Carlos Pena,32,TBR,144,582,484,64,95,18,0,28,84,5,1,87,158,7,4
Carlos Quentin,27,CHW,131,527,453,73,110,25,2,26,87,2,2,50,83,20,3
Carlos Ruiz,31,PHI,121,433,371,43,112,28,1,8,53,0,1,55,54,6,13
Carlos Santana,24,CLE,46,192,150,23,39,13,0,6,22,3,0,37,29,1,2
Carlos Silva,31,CHC,19,40,31,0,2,1,0,0,2,0,0,3,12,0,0
Carlos Zambrano,29,CHC,40,57,52,5,12,0,0,1,6,0,0,2,15,0,0
Casey Blake,36,LAD,146,571,509,56,126,28,1,17,64,0,4,48,138,8,3
Casey Coleman,22,CHC,12,23,20,2,2,1,0,0,2,0,0,1,11,0,0
Casey Kotchman,27,SEA,125,457,414,37,90,20,1,9,51,0,0,35,57,3,6
Casey McGehee,27,MIL,157,670,610,70,174,38,1,23,104,1,1,50,102,2,5
Casper Wells,25,DET,36,99,93,14,30,6,1,4,17,0,1,6,19,0,0
Cesar Izturis,30,BAL,150,513,473,42,109,13,1,1,28,11,5,25,53,6,1
Chad Billingsley,25,LAD,31,72,62,1,9,1,0,0,3,0,0,4,27,0,0
Chad Huffman,25,NYY,9,21,18,1,3,0,0,0,2,0,0,2,5,1,0
Chad Moeller,35,NYY,9,15,14,2,3,3,0,0,0,0,0,1,4,0,0
Chad Tracy,30,TOT,69,160,146,11,36,8,0,1,15,0,0,11,36,2,0
Charlie Morton,26,PIT,17,28,26,0,1,0,0,0,0,0,0,0,18,0,0
Chase Headley,26,SDP,161,674,610,77,161,29,3,11,58,17,5,56,139,3,3
Chase Utley,31,PHI,115,511,425,75,117,20,2,16,65,13,2,63,63,18,3
Chin-lung Hu,26,LAD,14,25,23,2,3,1,0,0,1,1,0,0,5,1,0
Chipper Jones,38,ATL,95,381,317,47,84,21,0,10,46,5,0,61,47,0,6
Chone Figgins,32,SEA,161,702,602,62,156,21,2,1,35,42,15,74,114,3,0
Chris Capuano,31,MIL,24,18,18,0,1,0,0,0,0,0,0,0,9,0,0
Chris Carpenter,35,STL,34,84,72,2,8,0,0,1,4,0,0,1,25,1,0
Chris Carter,27,NYM,100,180,167,15,44,9,0,4,24,1,2,12,17,1,0
Chris Coghlan,25,FLA,91,400,358,60,96,20,3,5,28,10,3,33,84,4,1
Chris Davis,24,TEX,45,136,120,7,23,9,0,1,4,3,0,15,40,0,3
Chris Denorfia,29,SDP,99,317,284,41,77,15,2,9,36,8,4,27,51,2,3
Chris Dickerson,28,TOT,45,106,97,11,20,2,2,0,5,4,0,6,34,0,0
Chris Getz,26,KCR,72,248,224,23,53,9,0,0,18,15,2,19,28,2,1
Chris Gimenez,27,CLE,28,67,58,6,11,5,0,1,8,0,0,8,22,0,0
Chris Heisey,25,CIN,97,226,201,33,51,10,1,8,21,1,2,16,57,6,1
Chris Iannetta,27,COL,61,223,188,20,37,6,1,9,27,1,0,30,48,4,2
Chris Johnson,25,HOU,94,362,341,40,105,22,2,11,52,3,0,15,91,2,2
Chris Narveson,28,MIL,36,59,49,3,16,1,0,0,7,0,0,2,15,1,0
Chris Nelson,24,COL,17,27,25,7,7,1,0,0,0,1,0,1,4,0,0
Chris Snyder,29,TOT,105,376,319,34,66,9,0,15,48,0,0,52,94,2,10
Chris Valaika,24,CIN,19,40,38,3,10,1,0,1,2,0,0,1,9,0,0
Chris Volstad,23,FLA,28,63,54,1,5,1,0,0,2,0,0,0,28,0,0
Chris Woodward,34,SEA,8,22,19,0,3,1,0,0,0,0,0,3,9,0,0
Chris Young,26,ARI,156,664,584,94,150,33,0,27,91,28,7,74,145,2,0
Clayton Kershaw,22,LAD,31,74,55,4,3,0,0,0,1,0,0,1,17,0,0
Clayton Richard,26,SDP,32,72,61,5,9,2,0,0,5,0,0,1,21,1,0
Cliff Pennington,26,OAK,156,576,508,64,127,26,8,6,46,29,5,50,96,3,0
Clint Barmes,31,COL,133,432,387,43,91,21,0,8,50,3,2,35,66,5,10
Coco Crisp,30,OAK,75,328,290,51,81,14,4,8,38,32,3,30,49,0,0
Cody Ransom,34,PHI,22,46,42,6,8,0,0,2,5,1,0,3,11,0,0
Cody Ross,29,TOT,153,569,525,71,141,28,3,14,65,9,2,37,121,5,4
Colby Rasmus,23,STL,144,534,464,85,128,28,3,23,66,12,8,63,148,1,9
Cole Gillespie,26,ARI,45,113,104,11,24,8,0,2,12,1,1,7,29,1,1
Cole Hamels,26,PHI,32,72,67,4,10,2,0,0,2,0,0,0,20,0,0
Colin Curtis,25,NYY,31,64,59,7,11,3,0,1,8,0,0,4,15,1,0
Conor Jackson,28,TOT,60,241,208,25,49,13,0,2,16,6,1,31,27,1,3
Corey Hart,28,MIL,145,614,558,91,158,34,4,31,102,7,6,45,140,6,2
Corey Patterson,30,BAL,90,341,308,43,83,16,1,8,32,21,4,20,75,1,2
Corky Miller,34,CIN,32,79,74,5,18,5,0,2,9,0,0,2,16,2,0
Cory Aldridge,31,LAA,5,13,13,0,1,0,1,0,1,0,0,0,5,0,0
Cory Sullivan,30,HOU,57,71,64,6,12,1,1,0,4,0,0,6,18,0,0
Craig Counsell,39,MIL,102,230,204,16,51,8,0,2,21,1,1,21,29,1,0
Craig Gentry,26,TEX,20,35,33,4,7,0,0,0,3,1,0,1,11,0,0
Craig Stammen,26,WSN,36,43,38,2,9,3,0,0,6,0,0,1,15,0,0
Craig Tatum,27,BAL,43,126,114,11,32,4,0,0,9,1,0,12,21,0,0
Cristian Guzman,32,TOT,104,396,365,48,97,12,4,2,26,4,2,20,63,5,3
Curtis Granderson,29,NYY,136,528,466,76,115,17,7,24,67,12,2,53,116,2,3
Dan Haren,29,TOT,22,57,55,8,20,6,0,1,7,0,0,1,9,0,0
Dan Johnson,30,TBR,40,140,111,15,22,3,0,7,23,1,0,25,27,1,0
Dan Uggla,30,FLA,159,674,589,100,169,31,0,33,105,4,1,78,149,2,2
Dane Sardinha,31,PHI,13,40,39,5,8,2,0,3,8,0,0,1,13,0,0
Daniel Descalso,23,STL,11,37,34,6,9,2,0,0,4,1,0,2,6,1,0
Daniel Hudson,23,TOT,11,31,27,1,4,2,0,0,6,0,0,0,7,1,0
Daniel McCutchen,27,PIT,27,17,14,1,1,0,0,0,0,1,0,0,5,1,0
Daniel Nava,27,BOS,60,188,161,23,39,14,1,1,26,1,1,19,46,8,1
Danny Espinosa,23,WSN,28,112,103,16,22,4,1,6,15,0,2,9,30,0,1
Danny Valencia,25,MIN,85,322,299,30,93,18,1,7,40,2,0,20,46,0,0
Danny Worth,24,DET,39,115,106,10,27,5,0,2,8,1,2,6,13,0,0
Daric Barton,24,OAK,159,686,556,79,152,33,5,10,57,7,3,110,102,3,2
Darnell McDonald,31,BOS,117,363,319,40,86,18,3,9,34,9,1,30,85,2,1
Darwin Barney,24,CHC,30,85,79,12,19,4,0,0,2,0,0,6,12,0,0
Dave Bush,30,MIL,38,62,53,6,7,1,0,0,2,0,0,4,23,0,0
David DeJesus,30,KCR,91,394,352,46,112,23,3,5,37,3,3,34,47,4,2
David Eckstein,35,SDP,116,492,442,49,118,23,0,1,29,8,1,27,35,9,0
David Freese,27,STL,70,270,240,28,71,12,1,4,36,1,1,21,59,4,0
David Murphy,28,TEX,138,471,419,54,122,26,2,12,65,14,2,45,71,0,2
David Ortiz,34,BOS,145,606,518,86,140,36,1,32,102,0,1,82,145,2,14
David Ross,33,ATL,59,145,121,15,35,13,2,2,28,0,1,20,28,1,0
David Wright,27,NYM,157,670,587,87,166,36,3,29,103,19,11,69,161,2,9
Dayán Viciedo,21,CHW,38,106,104,17,32,7,0,5,13,1,0,2,25,0,0
Delmon Young,24,MIN,153,613,570,77,170,46,1,21,112,5,4,28,81,6,5
Delwyn Young,28,PIT,110,207,191,22,45,11,1,7,28,1,0,13,52,1,0
Denard Span,26,MIN,153,705,629,85,166,24,10,3,58,26,4,60,74,4,0
Derek Jeter,36,NYY,157,739,663,111,179,30,3,10,67,18,5,63,106,9,4
Derek Lowe,37,ATL,32,69,53,6,8,4,0,0,3,0,0,5,14,0,0
Derrek Lee,34,TOT,148,626,547,80,142,35,0,19,80,1,3,73,134,2,1
Desmond Jennings,23,TBR,17,24,21,5,4,1,1,0,2,2,2,2,4,1,0
Dewayne Wise,32,TOR,52,118,112,20,28,3,2,3,14,4,0,4,29,1,0
Dexter Fowler,24,COL,132,505,439,73,114,20,14,6,36,13,8,57,104,2,0
Dioner Navarro,26,TBR,48,142,124,11,24,5,0,1,7,0,1,12,20,1,0
Domonic Brown,22,PHI,35,70,62,8,13,3,0,2,13,2,1,5,24,0,1
Don Kelly,30,DET,119,251,238,30,58,4,0,9,27,3,0,8,42,2,0
Donnie Murphy,27,FLA,29,47,44,9,14,6,1,3,16,0,0,2,19,0,0
Donny Lucy,27,CHW,7,18,15,2,5,3,0,1,2,1,0,2,3,1,0
Doug Davis,34,MIL,8,15,13,0,0,0,0,0,1,0,0,0,5,0,0
Drew Butera,26,MIN,49,155,142,12,28,6,1,2,13,0,0,4,25,4,0
Drew Stubbs,25,CIN,150,583,514,91,131,19,6,22,77,30,6,55,168,5,2
Drew Sutton,27,TOT,13,42,39,5,10,1,0,2,8,0,0,3,13,0,0
Dustin Pedroia,26,BOS,75,351,302,53,87,24,1,12,41,9,1,37,38,4,1
Edgar Renteria,33,SFG,72,267,243,26,67,11,2,3,22,3,0,21,43,0,3
Edinson Volquez,26,CIN,12,21,17,1,2,0,0,0,0,0,0,1,7,0,0
Eduardo Nunez,23,NYY,30,53,50,12,14,1,0,1,7,5,0,3,2,0,0
Edwin Encarnacion,27,TOR,96,367,332,47,81,16,0,21,51,1,0,29,60,2,1
Edwin Jackson,26,TOT,20,43,38,5,6,0,0,1,3,0,0,2,22,0,0
Eli Whiteside,30,SFG,56,141,126,19,30,6,1,4,10,1,2,8,35,3,0
Eliezer Alfonzo,31,SEA,13,41,41,4,9,1,0,1,4,0,0,0,10,0,0
Elvis Andrus,21,TEX,148,674,588,88,156,15,3,0,35,32,15,64,96,5,0
Emilio Bonifacio,25,FLA,73,201,180,30,47,6,3,0,10,12,0,17,42,0,0
Eric Byrnes,34,SEA,15,38,32,1,3,2,0,0,0,1,0,6,9,0,0
Eric Chavez,32,OAK,33,123,111,10,26,8,0,1,10,0,0,8,31,0,0
Eric Hinske,32,ATL,131,320,281,38,72,21,1,11,51,0,0,33,75,3,5
Eric Patterson,27,TOT,90,204,187,26,40,8,5,6,16,11,1,14,62,1,0
Eric Young Jr.,25,COL,51,189,172,26,42,5,1,0,8,17,6,17,32,0,0
Erick Aybar,26,LAA,138,589,534,69,135,18,4,5,29,22,8,35,81,7,1
Erik Kratz,30,PIT,9,36,34,2,4,0,0,0,1,0,0,2,9,0,0
Esmil Rogers,24,COL,31,21,18,2,3,2,0,0,1,0,0,0,7,0,0
Esteban German,32,TEX,13,16,13,5,3,0,0,0,1,4,1,3,2,0,0
Eugenio Velez,28,SFG,29,66,55,7,9,2,0,2,8,0,0,6,9,0,0
Evan Longoria,24,TBR,151,661,574,96,169,46,5,22,104,15,5,72,124,5,12
Everth Cabrera,23,SDP,76,241,212,22,44,6,3,1,22,10,6,19,54,2,3
Felipe Lopez,30,TOT,113,441,391,52,91,18,1,8,37,8,2,44,81,1,1
Felipe Paulino,26,HOU,18,29,24,1,7,1,0,0,0,0,0,1,8,1,0
Felix Pie,25,BAL,82,308,288,39,79,15,5,5,31,5,2,13,52,1,0
Fernando Martinez,21,NYM,7,22,18,1,3,0,0,0,2,0,1,1,5,2,0
Fernando Tatis,35,NYM,41,72,65,6,12,4,0,2,6,0,0,6,19,0,0
Francisco Cervelli,24,NYY,93,317,266,27,72,11,3,0,38,1,1,33,42,6,1
Frank Catalanotto,36,NYM,25,26,25,2,4,1,0,0,1,0,0,1,5,0,0
Franklin Gutierrez,27,SEA,152,629,568,61,139,25,3,12,64,25,3,50,137,1,5
Fred Lewis,29,TOR,110,480,428,70,112,31,5,8,36,17,6,38,104,9,1
Freddie Freeman,20,ATL,20,24,24,3,4,1,0,1,1,0,0,0,8,0,0
Freddy Sanchez,32,SFG,111,479,431,55,126,22,1,7,47,3,1,32,68,3,1
Gabe Gross,30,OAK,105,244,222,27,53,11,1,1,25,5,1,17,39,0,2
Gabe Kapler,34,TBR,59,140,124,19,26,4,0,2,14,1,1,11,24,3,0
Gaby Sanchez,26,FLA,151,643,572,72,156,37,3,19,85,5,0,57,101,5,2
Garret Anderson,38,LAD,80,163,155,8,28,6,1,2,12,1,0,5,34,0,1
Garrett Atkins,30,BAL,44,152,140,5,30,7,0,1,9,0,0,12,30,0,0
Garrett Jones,29,PIT,158,654,592,64,146,34,1,21,86,7,3,53,123,1,2
Gary Matthews,35,NYM,36,65,58,9,11,3,0,0,1,1,0,6,24,0,1
Geoff Blum,37,HOU,93,218,202,22,54,10,1,2,22,0,0,15,33,1,2
George Kottaras,27,MIL,67,250,212,24,43,12,1,9,26,2,0,33,44,0,1
Geovany Soto,27,CHC,105,387,322,47,90,19,0,17,53,0,1,62,83,0,4
Gerald Laird,30,DET,89,299,270,22,56,11,0,5,25,3,1,18,57,3,0
Gerardo Parra,23,ARI,133,393,364,31,95,19,6,3,30,1,0,23,76,2,10
Giancarlo Stanton,20,FLA,100,396,359,45,93,21,1,22,59,5,2,34,123,2,6
Gordon Beckham,23,CHW,131,498,444,58,112,25,2,9,49,4,6,37,92,7,0
Grady Sizemore,27,CLE,33,140,128,15,27,6,2,0,13,4,2,9,35,2,0
Greg Dobbs,31,PHI,88,176,163,13,32,7,0,5,15,1,1,12,39,0,1
Greg Golson,24,NYY,24,23,23,3,6,2,0,0,2,0,2,0,3,0,0
Greg Halman,22,SEA,9,30,29,1,4,1,0,0,3,1,0,1,11,0,0
Greg Smith,26,COL,10,16,13,2,4,2,0,0,2,0,0,0,1,0,0
Gregg Zaun,39,MIL,28,117,102,11,27,7,0,2,14,0,0,11,12,3,0
Gregor Blanco,26,TOT,85,269,237,31,67,9,4,1,14,11,4,29,50,0,1
Hank Blalock,29,TBR,26,69,63,8,16,3,0,1,7,1,1,6,15,0,0
Hank Conger,22,LAA,13,34,29,2,5,1,1,0,5,0,0,5,9,0,0
Hanley Ramirez,26,FLA,142,619,543,92,163,28,2,21,76,32,10,64,93,7,12
Hector Luna,30,FLA,27,30,29,2,4,1,0,2,4,0,1,0,13,0,0
Henry Blanco,38,NYM,50,144,130,10,28,5,0,2,8,1,0,11,26,0,2
Hideki Matsui,36,LAA,145,558,482,55,132,24,1,21,84,0,1,67,98,1,6
Hiroki Kuroda,35,LAD,30,68,55,2,2,0,0,0,0,0,0,2,21,0,0
Hisanori Takahashi,35,NYM,51,20,16,0,1,0,0,0,0,0,0,0,3,0,0
Homer Bailey,24,CIN,18,39,33,1,7,0,0,0,2,0,0,2,15,0,0
Howie Kendrick,26,LAA,158,658,616,67,172,41,4,10,75,14,4,28,94,5,2
Humberto Quintero,30,HOU,88,276,265,13,62,10,0,4,20,0,0,8,59,2,2
Hunter Pence,27,HOU,156,658,614,93,173,29,3,25,91,18,9,41,105,0,2
Ian Desmond,24,WSN,154,574,525,59,141,27,4,10,65,17,5,28,109,5,3
Ian Kennedy,25,ARI,30,67,54,7,11,1,0,0,2,0,0,7,24,0,0
Ian Kinsler,28,TEX,103,460,391,73,112,20,1,9,45,15,5,56,57,7,2
Ian Stewart,25,COL,121,441,386,54,99,14,2,18,61,5,2,45,110,5,8
Ichiro Suzuki,36,SEA,162,732,680,74,214,30,3,6,43,42,9,45,86,3,13
Ike Davis,23,NYM,147,601,523,73,138,33,1,19,71,3,2,72,138,1,6
Ivan Rodriguez,38,WSN,111,421,398,32,106,18,1,4,49,2,3,16,66,1,2
J.A. Happ,27,TOT,16,30,26,0,0,0,0,0,0,0,0,1,9,0,0
J.D. Drew,34,BOS,139,546,478,69,122,24,2,22,68,3,1,60,105,4,3
J.D. Martin,27,WSN,8,14,12,0,2,1,0,0,0,0,0,0,4,0,0
J.J. Hardy,27,MIN,101,375,340,44,91,19,3,6,38,1,1,28,54,0,1
J.P. Arencibia,24,TOR,11,37,35,3,5,1,0,2,4,0,0,2,11,0,0
J.R. Towles,26,HOU,17,51,47,3,9,3,0,1,8,0,0,2,12,1,0
Jack Cust,31,OAK,112,425,349,50,95,19,0,13,52,2,2,68,127,5,0
Jack Wilson,32,SEA,61,211,193,17,48,11,1,0,14,1,2,7,35,3,0
Jacoby Ellsbury,26,BOS,18,84,78,10,15,4,0,0,5,7,1,4,9,1,0
Jai Miller,25,KCR,20,60,55,5,13,3,0,1,4,1,0,4,23,1,0
Jaime Garcia,23,STL,29,60,54,8,10,1,0,0,2,0,0,2,13,0,0
Jair Jurrjens,24,ATL,20,46,39,2,5,1,0,0,2,0,0,2,14,1,0
Jake Fox,27,TOT,77,211,198,21,43,10,1,7,22,0,0,8,49,4,0
Jake Westbrook,32,TOT,13,29,27,1,3,1,0,0,1,0,0,1,12,0,0
James Loney,26,LAD,161,648,588,67,157,41,2,10,88,10,5,52,95,4,9
James McDonald,25,TOT,15,23,21,2,1,1,0,0,0,0,0,1,12,0,0
Jamey Carroll,36,LAD,133,414,351,48,102,15,1,0,23,12,4,51,64,2,3
Jamie Moyer,47,PHI,16,35,26,1,2,0,0,0,1,0,0,3,13,0,0
Jarrett Hoffpauir,27,TOR,13,37,34,1,7,1,0,0,0,0,0,2,5,0,0
Jarrod Dyson,25,KCR,18,65,57,11,12,4,2,1,5,9,1,6,16,0,0
Jarrod Saltalamacchia,25,TOT,12,30,24,2,4,3,0,0,2,0,0,6,5,0,0
Jason Bartlett,30,TBR,135,532,468,71,119,27,3,4,47,11,6,45,83,5,1
Jason Bay,31,NYM,95,401,348,48,90,20,6,6,47,10,0,44,91,5,3
Jason Bourgeois,28,HOU,69,136,123,16,27,4,1,0,3,12,4,13,16,0,0
Jason Castro,23,HOU,67,217,195,26,40,8,1,2,8,0,0,22,41,0,2
Jason Donald,25,CLE,88,325,296,39,75,19,3,4,24,5,1,22,70,3,2
Jason Giambi,39,COL,87,222,176,17,43,9,0,6,35,2,0,35,47,6,5
Jason Hammel,27,COL,29,63,57,3,6,1,0,0,2,0,0,1,29,0,0
Jason Heyward,20,ATL,142,623,520,83,144,29,5,18,72,11,6,91,128,10,2
Jason Jaramillo,27,PIT,33,97,87,2,13,2,0,1,6,0,0,8,14,1,1
Jason Kendall,36,KCR,118,490,434,39,111,18,0,0,37,12,7,37,45,6,2
Jason Kubel,28,MIN,143,582,518,68,129,23,3,21,92,0,1,56,116,3,5
Jason LaRue,36,STL,29,63,56,3,11,1,0,2,5,0,0,5,7,1,0
Jason Marquis,31,WSN,17,24,22,1,3,1,0,0,2,0,0,0,2,0,0
Jason Michaels,34,HOU,106,203,186,23,47,14,1,8,26,0,0,12,29,4,1
Jason Repko,29,MIN,58,146,127,19,29,6,0,3,9,3,2,13,38,5,0
Jason Varitek,38,BOS,39,123,112,18,26,6,0,7,16,0,0,10,35,0,2
Jay Bruce,23,CIN,148,573,509,80,143,23,5,25,70,5,4,58,136,1,5
Jay Gibbons,33,LAD,37,80,75,11,21,2,0,5,17,0,1,4,14,0,0
Jay Payton,37,COL,20,36,35,3,12,4,1,0,1,1,0,1,4,0,0
Jayson Nix,27,TOT,102,363,331,32,74,15,0,14,34,1,2,20,87,7,2
Jayson Werth,31,PHI,156,652,554,106,164,46,2,27,85,13,3,82,147,7,6
Jed Lowrie,26,BOS,55,197,171,31,49,14,0,9,24,1,1,25,25,1,0
Jeff Baker,29,CHC,79,224,206,29,56,13,2,4,21,1,0,16,50,1,0
Jeff Clement,26,PIT,54,154,144,11,29,3,0,7,12,0,0,6,37,1,3
Jeff Francis,29,COL,18,30,22,2,2,0,0,0,1,0,0,4,6,0,0
Jeff Francoeur,26,TOT,139,503,454,52,113,18,2,13,65,8,3,30,81,8,8
Jeff Frazier,27,DET,9,24,23,3,5,1,0,0,1,0,0,1,6,0,0
Jeff Karstens,27,PIT,24,38,33,0,2,0,0,0,0,0,0,1,16,0,0
Jeff Keppinger,30,HOU,137,575,514,62,148,34,1,6,59,4,1,51,36,1,1
Jeff Larish,27,TOT,27,75,67,5,12,3,0,2,9,1,0,7,24,1,0
Jeff Mathis,27,LAA,68,218,205,19,40,6,1,3,18,3,0,6,59,1,0
Jeff Suppan,35,TOT,28,28,26,1,5,1,0,0,1,0,0,1,6,0,0
Jeremy Hermida,26,TOT,73,239,222,19,48,12,0,6,29,1,0,16,58,0,0
Jeremy Reed,29,TOR,14,23,21,1,3,0,0,1,3,1,0,2,8,0,0
Jerry Hairston,34,SDP,119,476,430,53,105,13,2,10,50,9,6,31,54,5,2
Jesus Feliciano,31,NYM,54,119,108,12,25,4,1,0,3,1,0,6,12,1,0
Jhonny Peralta,28,TOT,148,615,551,60,137,30,2,15,81,1,0,53,103,1,2
Jhoulys Chacin,22,COL,26,45,40,0,3,0,0,0,1,0,0,1,9,0,0
Jim Edmonds,40,TOT,86,272,246,44,68,23,0,11,23,2,0,24,60,1,0
Jim Thome,39,MIN,108,340,276,48,78,16,2,25,59,0,0,60,82,2,4
Jimmy Rollins,31,PHI,88,394,350,48,85,16,3,8,41,17,1,40,32,1,2
Joaquin Arias,25,TOT,72,134,128,23,33,6,1,0,13,1,0,4,23,0,0
Jody Gerut,32,MIL,32,74,71,7,14,4,1,2,8,0,1,3,17,0,0
Joe Blanton,29,PHI,28,67,59,8,7,0,0,0,1,0,0,1,24,2,0
Joe Inglett,32,MIL,102,160,142,15,36,8,5,1,8,1,0,15,34,2,0
Joe Mather,27,STL,36,64,60,7,13,4,0,0,3,1,1,2,11,0,0
Joe Mauer,27,MIN,137,584,510,88,167,43,1,9,75,1,4,65,53,3,14
Joe Saunders,29,TOT,14,28,24,0,2,0,0,0,1,1,0,1,8,0,0
Joey Votto,26,CIN,150,648,547,106,177,36,2,37,113,16,5,91,125,7,8
Johan Santana,31,NYM,27,67,62,2,11,3,0,1,1,0,0,0,22,0,0
John Baker,29,FLA,23,88,78,7,17,3,1,0,6,0,0,9,18,1,1
John Bowker,26,TOT,67,167,151,16,33,8,0,5,21,0,1,14,33,0,2
John Buck,29,TOR,118,437,409,53,115,25,0,20,66,0,0,16,111,6,1
John Ely,24,LAD,17,32,27,1,2,0,0,0,1,0,0,1,13,0,0
John Hester,26,ARI,38,106,95,9,20,7,0,2,7,1,0,11,32,0,1
John Jaso,26,TBR,109,404,339,57,89,18,3,5,44,4,0,59,39,2,1
John Lannan,25,WSN,24,50,44,1,4,2,0,0,4,0,0,4,22,0,0
John Maine,29,NYM,10,14,10,0,0,0,0,0,0,0,0,0,6,0,0
John McDonald,35,TOR,63,163,152,27,38,9,2,6,23,2,1,6,26,0,0
Johnny Cueto,24,CIN,28,63,54,2,6,0,0,0,2,0,0,1,22,0,0
Johnny Damon,36,DET,145,613,539,81,146,36,5,8,51,11,1,69,90,2,2
Jon Garland,30,SDP,34,69,56,6,12,1,0,0,2,0,0,6,18,0,0
Jon Jay,25,STL,105,323,287,47,86,19,2,4,27,2,4,24,50,3,0
Jon Niese,23,NYM,30,66,53,3,10,2,0,0,4,0,0,8,27,0,0
Jonathan Herrera,25,COL,76,257,222,34,63,6,2,1,21,2,2,25,36,0,1
Jonathan Lucroy,24,MIL,75,297,277,24,70,9,0,4,26,4,2,18,44,1,1
Jonathan Sanchez,27,SFG,32,66,58,2,8,0,1,0,3,0,0,0,26,1,0
Jonathan Van Every,30,BOS,21,21,19,6,4,1,0,1,1,0,0,2,9,0,0
Jonny Gomes,29,CIN,148,571,511,77,136,24,3,18,86,5,3,39,123,12,3
Jordan Brown,26,CLE,26,92,87,9,20,7,0,0,2,0,0,4,10,1,0
Jorge Cantu,28,TOT,127,515,472,50,121,29,1,11,56,0,0,29,95,6,1
Jorge De La Rosa,29,COL,20,44,41,3,7,2,0,0,4,0,0,0,15,0,0
Jorge Posada,38,NYY,120,451,383,49,95,23,1,18,57,3,1,59,99,7,3
Jose Bautista,29,TOR,161,683,569,109,148,35,3,54,124,9,2,100,116,10,2
Jose Guillen,34,TOT,148,577,524,55,135,22,2,19,77,1,0,32,113,14,1
Jose Lopez,26,SEA,150,622,593,49,142,29,0,10,58,3,2,23,66,3,1
Jose Molina,35,TOR,57,183,167,13,41,4,0,6,12,1,0,9,36,5,1
Jose Morales,27,MIN,19,44,36,4,7,2,0,0,7,0,0,6,14,0,0
Jose Reyes,27,NYM,133,603,563,83,159,29,10,11,54,30,10,31,63,2,4
Jose Tabata,21,PIT,102,441,405,61,121,21,4,4,35,19,7,28,57,2,0
Josh Bard,32,SEA,39,126,112,9,24,7,0,3,10,0,0,10,27,0,0
Josh Bell,23,BAL,53,161,159,15,34,5,0,3,12,0,1,2,53,0,0
Josh Donaldson,24,OAK,14,34,32,1,5,1,0,1,4,0,0,2,12,0,0
Josh Fields,27,KCR,13,50,49,5,15,0,0,3,6,0,0,1,9,0,0
Josh Hamilton,29,TEX,133,571,518,95,186,40,3,32,100,8,1,43,95,5,5
Josh Johnson,26,FLA,27,66,59,0,5,0,0,0,4,0,0,1,24,0,0
Josh Reddick,23,BOS,29,63,62,5,12,3,1,1,5,1,0,1,15,0,0
Josh Thole,23,NYM,73,227,202,17,56,7,1,3,17,1,0,24,25,1,1
Josh Willingham,31,WSN,114,451,370,54,99,19,2,16,56,8,0,67,85,9,3
Josh Wilson,29,SEA,108,388,361,22,82,14,2,2,25,5,0,14,74,12,0
Juan Castro,38,TOT,55,140,129,7,25,5,0,0,13,0,1,8,25,0,0
Juan Francisco,23,CIN,36,59,55,3,15,3,0,1,7,0,1,4,20,0,0
Juan Miranda,27,NYY,33,71,64,7,14,2,1,3,10,0,0,7,12,0,0
Juan Pierre,32,CHW,160,734,651,96,179,18,3,1,47,68,18,45,47,21,0
Juan Rivera,31,LAA,124,455,416,53,105,20,0,15,52,2,2,33,58,4,4
Juan Uribe,31,SFG,148,575,521,64,129,24,2,24,85,1,2,45,92,4,6
Julio Borbon,24,TEX,137,468,438,60,121,11,4,3,42,15,7,19,59,2,0
Julio Lugo,34,BAL,93,264,241,26,60,4,2,0,20,5,7,15,50,2,0
Justin Maxwell,26,WSN,67,131,104,16,15,6,0,3,12,5,1,25,43,0,2
Justin Morneau,29,MIN,81,348,296,53,102,25,1,18,56,0,0,50,62,0,7
Justin Smoak,23,TOT,100,397,348,40,76,14,0,13,48,1,0,46,91,0,4
Justin Turner,25,TOT,9,18,17,1,1,1,0,0,0,0,0,1,3,0,0
Justin Upton,22,ARI,133,571,495,73,135,27,3,17,69,18,8,64,152,4,5
Kazuo Matsui,34,HOU,27,78,71,4,10,1,0,0,1,1,1,4,10,1,0
Kelly Johnson,27,NYY,160,696,626,103,200,41,3,29,109,3,2,57,77,8,14
Kelly Johnson 2,28,ARI,154,671,585,93,166,36,5,26,71,13,7,79,148,2,1
Kelly Shoppach,30,TBR,63,187,158,17,31,8,0,5,17,0,0,20,71,6,0
Ken Griffey Jr.,40,SEA,33,108,98,6,18,2,0,0,7,0,0,9,17,0,0
Kendrys Morales,27,LAA,51,211,193,29,56,5,0,11,39,0,1,12,31,5,3
Kenshin Kawakami,35,ATL,18,31,24,2,3,1,0,0,1,0,0,3,9,0,0
Kevin Cash,32,TOT,49,129,114,4,19,2,0,2,5,0,0,11,29,1,0
Kevin Correia,29,SDP,27,52,44,4,6,1,0,0,5,0,0,2,20,0,0
Kevin Frandsen,28,LAA,54,173,160,24,40,11,0,0,14,2,0,9,10,1,0
Kevin Kouzmanoff,28,OAK,143,586,551,59,136,32,1,16,71,2,1,24,96,6,2
Kevin Mench,32,WSN,27,29,27,2,3,0,0,0,1,0,0,2,6,0,0
Kevin Russo,25,NYY,31,54,49,5,9,2,0,0,4,1,0,3,9,1,0
Kevin Youkilis,31,BOS,102,435,362,77,111,26,5,19,62,4,1,58,67,10,3
Kila Ka'aihue,26,KCR,52,206,180,22,39,6,1,8,25,0,1,24,39,0,2
Kosuke Fukudome,33,CHC,130,429,358,45,94,20,2,13,44,7,8,64,67,0,1
Koyie Hill,31,CHC,77,231,215,18,46,13,1,1,17,1,0,12,61,0,3
Kris Medlen,24,ATL,31,33,27,2,5,1,0,0,2,0,0,3,14,1,0
Kurt Suzuki,26,OAK,131,544,495,55,120,18,2,13,71,3,2,33,49,12,3
Kyle Blanks,23,SDP,33,120,102,14,16,6,1,3,15,1,0,15,46,3,0
Kyle Kendrick,25,PHI,31,59,51,2,5,2,0,0,0,0,0,2,16,0,0
Kyle Lohse,31,STL,21,37,35,2,6,2,0,0,3,0,0,0,8,0,0
Lance Berkman,34,TOT,122,481,404,48,100,23,1,14,58,3,2,77,85,0,7
Lance Zawadzki,25,SDP,20,42,35,4,7,2,0,0,1,1,0,5,7,0,2
Landon Powell,28,OAK,41,129,112,13,24,4,0,2,11,1,0,15,29,0,0
Lars Anderson,22,BOS,18,43,35,4,7,1,0,0,4,0,0,7,8,0,0
Lastings Milledge,25,PIT,113,412,379,38,105,21,3,4,34,5,3,28,62,3,3
Laynce Nix,29,CIN,97,182,165,16,48,11,2,4,18,0,1,15,39,0,4
Liván Hernández,35,WSN,33,71,61,2,9,1,0,1,3,0,0,1,13,0,0
Logan Morrison,22,FLA,62,287,244,43,69,20,7,2,18,0,1,41,51,2,0
Lorenzo Cain,24,MIL,43,158,147,17,45,11,1,1,13,7,1,9,28,1,0
Lou Marson,24,CLE,87,294,262,29,51,15,0,3,22,8,1,26,55,3,0
Lucas Duda,24,NYM,29,92,84,11,17,6,0,4,13,0,0,6,22,1,0
Lucas May,25,KCR,12,39,37,3,7,1,0,0,6,0,1,0,10,1,0
Luis Atilano,25,WSN,13,27,25,0,1,0,0,0,0,0,0,0,10,0,0
Luis Castillo,34,NYM,86,299,247,28,58,4,2,0,17,8,3,39,25,0,1
Luis Cruz,26,MIL,7,17,17,2,4,0,1,0,1,0,0,0,2,0,0
Luis Durango,24,SDP,28,53,48,8,12,0,0,0,4,5,0,4,7,0,0
Luis Hernandez,26,NYM,17,47,44,4,11,1,0,2,6,1,0,2,7,1,0
Luis Montanez,28,BAL,26,58,57,2,8,0,0,0,3,1,0,1,9,0,0
Luis Valbuena,24,CLE,91,310,275,22,53,12,0,2,24,1,2,28,61,3,1
Luke Carlin,29,CLE,6,16,14,4,5,0,0,2,3,0,0,2,5,0,0
Luke Scott,32,BAL,131,517,447,70,127,29,1,27,72,2,0,59,98,4,4
Lyle Overbay,33,TOR,154,608,534,75,130,37,2,20,67,1,0,67,131,3,7
Madison Bumgarner,20,SFG,20,44,39,2,7,1,0,0,3,0,0,2,11,0,0
Magglio Ordonez,36,DET,84,365,323,56,98,17,1,12,59,1,0,40,38,0,0
Maicer Izturis,29,LAA,61,238,212,27,53,13,1,3,27,7,3,21,27,2,0
Manny Parra,27,MIL,40,38,34,2,6,2,0,0,1,0,0,3,14,1,0
Manny Ramirez,38,TOT,90,320,265,38,79,16,0,9,42,1,1,46,61,6,4
Marco Scutaro,34,BOS,150,695,632,92,174,38,0,11,56,5,4,53,71,3,1
Marcus Thames,33,NYY,82,237,212,22,61,7,0,12,33,0,0,19,61,3,0
Mark DeRosa,35,SFG,26,104,93,9,18,3,0,1,10,0,2,9,16,2,0
Mark Ellis,33,OAK,124,492,436,45,127,24,0,5,49,7,6,40,56,8,4
Mark Grudzielanek,40,CLE,30,119,110,10,30,0,0,0,11,2,0,8,10,1,0
Mark Hamilton,25,STL,9,15,14,0,2,0,0,0,0,0,0,1,5,0,0
Mark Kotsay,34,CHW,107,359,327,30,78,17,2,8,31,1,3,32,36,0,3
Mark Reynolds,26,ARI,145,596,499,79,99,17,2,32,85,7,4,83,211,9,7
Mark Teahen,28,CHW,77,262,233,31,60,13,2,4,25,3,5,25,61,0,0
Mark Teixeira,30,NYY,158,712,601,113,154,36,0,33,108,0,1,93,122,13,6
Mark Trumbo,24,LAA,8,16,15,2,1,0,0,0,2,0,0,1,8,0,0
Marlon Byrd,32,CHC,152,630,580,84,170,39,2,12,66,5,1,31,98,17,1
Martin Prado,26,ATL,140,651,599,100,184,40,3,15,66,5,3,40,86,3,2
Mat Gamel,24,MIL,12,17,15,1,3,1,0,0,1,0,0,1,8,1,0
Mat Latos,22,SDP,29,63,54,3,6,2,0,1,3,0,0,0,29,0,0
Matt Cain,25,SFG,33,77,66,3,7,1,0,0,1,0,0,1,33,0,0
Matt Carson,28,OAK,36,83,79,7,14,2,0,4,9,4,0,2,23,0,0
Matt Diaz,32,ATL,84,244,224,27,56,17,2,7,31,3,1,13,44,4,3
Matt Downs,26,TOT,40,109,97,8,21,7,0,1,7,0,0,9,20,2,0
Matt Holliday,30,STL,158,675,596,95,186,45,1,28,103,9,5,69,93,8,10
Matt Kemp,25,LAD,162,668,602,82,150,25,6,28,89,19,15,53,170,4,4
Matt LaPorta,25,CLE,110,425,376,41,83,15,1,12,41,0,0,46,82,1,1
Matt Mangini,24,SEA,11,41,38,2,8,0,0,0,1,0,0,2,13,0,0
Matt Pagnozzi,27,STL,15,44,39,4,14,2,0,1,10,0,0,2,8,1,0
Matt Stairs,42,SDP,78,111,99,14,23,6,0,6,16,2,0,11,32,0,2
Matt Tolbert,28,MIN,48,100,87,8,20,4,3,1,18,1,1,9,18,0,0
Matt Treanor,34,TEX,82,272,237,22,50,6,1,5,27,1,2,22,43,5,0
Matt Tuiasosopo,24,SEA,50,138,127,12,22,5,0,4,11,0,0,9,49,1,0
Matt Watson,31,OAK,12,33,30,2,6,2,0,1,4,0,0,3,5,0,0
Matt Wieters,24,BAL,130,502,446,37,111,22,1,11,55,0,1,47,94,2,7
Matthew Joyce,25,TBR,77,261,216,30,52,15,3,10,40,2,2,40,55,2,2
Max Ramirez,25,TEX,28,85,69,8,15,3,0,2,8,0,0,12,22,2,0
Melky Cabrera,25,ATL,147,509,458,50,117,27,3,4,42,7,1,42,64,1,11
Melvin Mora,38,COL,113,354,316,39,90,12,5,7,45,2,1,31,53,5,2
Melvin Upton Jr.,25,TBR,154,610,536,89,127,38,4,18,62,42,9,67,164,2,1
Micah Hoffpauir,30,CHC,24,57,52,5,9,3,0,0,5,0,0,5,15,0,0
Micah Owings,27,CIN,25,14,14,2,3,0,0,1,3,0,0,0,6,0,0
Michael Bourn,27,HOU,141,605,535,84,142,25,6,2,38,52,12,59,109,3,5
Michael Brantley,23,CLE,72,325,297,38,73,9,3,3,22,10,2,22,38,0,0
Michael Cuddyer,31,MIN,157,675,609,93,165,37,5,14,81,7,3,58,93,4,7
Michael Saunders,23,SEA,100,327,289,29,61,11,2,10,33,6,3,35,84,0,0
Michael Young,33,TEX,157,718,656,99,186,36,3,21,91,4,2,50,115,1,4
Miguel Cabrera,27,DET,150,648,548,111,180,45,1,38,126,3,3,89,95,3,32
Miguel Cairo,36,CIN,91,226,200,30,58,12,0,4,28,4,0,17,30,4,0
Miguel Montero,26,ARI,85,331,297,36,79,20,2,9,43,0,1,29,71,2,3
Miguel Olivo,31,COL,112,427,394,55,106,17,6,14,58,7,4,27,117,1,5
Miguel Tejada,36,TOT,156,681,636,71,171,26,0,15,71,2,0,30,67,11,3
Mike Aviles,29,KCR,110,448,424,63,129,16,3,8,32,14,5,20,49,1,0
Mike Cameron,37,BOS,48,180,162,24,42,11,0,4,15,0,1,14,44,3,0
Mike Carp,24,SEA,14,41,37,1,7,2,0,0,0,0,0,4,8,0,0
Mike Fontenot,30,TOT,103,261,240,24,68,13,3,1,25,1,4,15,41,3,0
Mike Hessman,32,NYM,32,65,55,6,7,2,1,1,6,0,0,8,23,2,1
Mike Jacobs,29,NYM,7,28,24,1,5,1,0,1,2,0,0,3,7,0,0
Mike Lamb,34,FLA,39,40,38,2,7,1,1,0,4,0,0,2,6,0,0
Mike Leake,22,CIN,27,60,48,5,16,1,0,0,3,0,0,5,15,1,0
Mike Lowell,36,BOS,73,244,218,23,52,13,0,5,26,0,0,23,34,0,1
Mike McCoy,29,TOR,46,90,82,9,16,4,0,0,3,5,1,8,20,0,0
Mike Morse,28,WSN,98,293,266,36,77,12,2,15,41,0,1,22,64,4,1
Mike Napoli,28,LAA,140,510,453,60,108,24,1,26,68,4,2,42,137,11,2
Mike Pelfrey,26,NYM,32,70,62,2,7,0,0,0,3,0,0,2,13,0,0
Mike Redmond,39,CLE,22,68,63,7,13,4,0,0,5,0,0,2,10,1,0
Mike Rivera,33,FLA,7,17,14,0,0,0,0,0,0,0,0,2,3,1,0
Mike Ryan,32,LAA,22,41,39,3,8,4,0,0,2,0,0,1,5,0,0
Mike Sweeney,36,TOT,56,168,151,21,38,5,0,8,26,3,0,14,21,2,0
Milton Bradley,32,SEA,73,278,244,28,50,9,1,8,29,8,2,28,75,3,2
Mitch Maier,28,KCR,117,421,373,41,98,15,6,5,39,3,2,41,68,0,2
Mitch Moreland,24,TEX,47,173,145,20,37,4,0,9,25,3,1,25,36,1,5
Nate McLouth,28,ATL,85,288,242,30,46,12,1,6,24,7,2,33,57,5,2
Nate Robertson,32,TOT,19,35,26,2,5,1,0,0,1,0,0,2,6,0,0
Nate Schierholtz,26,SFG,137,252,227,34,55,13,3,3,17,4,5,20,38,3,5
Neil Walker,24,PIT,110,469,426,57,126,29,3,12,66,2,3,34,83,3,1
Nelson Cruz,29,TEX,108,445,399,60,127,31,3,22,78,17,4,38,81,1,5
Nelson Figueroa,36,TOT,30,22,17,1,4,1,0,0,0,0,0,0,3,0,0
Nick Evans,24,NYM,20,37,36,5,11,3,0,1,5,0,0,1,10,0,0
Nick Green,31,TOT,14,23,21,2,3,0,0,0,2,0,0,1,5,1,0
Nick Hundley,26,SDP,85,307,273,33,68,18,2,8,43,0,5,25,66,1,0
Nick Johnson,31,NYY,24,98,72,12,12,4,0,2,8,0,1,24,23,2,0
Nick Markakis,26,BAL,160,709,629,79,187,45,3,12,60,7,2,73,93,2,9
Nick Punto,32,MIN,88,288,252,24,60,11,1,1,20,6,2,28,50,1,2
Nick Stavinoha,28,STL,79,126,121,11,31,4,0,2,9,0,0,4,28,1,0
Nick Swisher,29,NYY,150,635,566,91,163,33,3,29,89,1,2,58,139,6,0
Nolan Reimold,26,BAL,39,131,116,9,24,5,0,3,14,0,0,12,26,1,0
Nyjer Morgan,29,WSN,136,577,509,60,129,17,7,0,24,34,17,40,88,10,1
Omar Infante,28,ATL,134,506,471,65,151,15,3,8,47,7,6,29,62,0,1
Omar Vizquel,43,CHW,108,391,344,36,95,11,1,2,30,11,7,34,45,2,0
Orlando Cabrera,35,CIN,123,537,494,64,130,33,0,4,42,11,4,28,53,3,0
Orlando Hudson,32,MIN,126,559,497,80,133,24,5,6,37,10,3,50,87,4,0
Oscar Salazar,32,SDP,85,148,131,19,31,4,0,3,19,1,2,16,23,0,1
Osvaldo Martinez,22,FLA,14,48,43,8,14,4,1,0,2,1,0,4,6,0,0
Oswaldo Navarro,25,HOU,14,25,20,2,1,0,0,0,0,0,0,5,4,0,0
Pablo Sandoval,23,SFG,152,616,563,61,151,34,3,13,63,3,2,47,81,1,12
Pat Burrell,33,TOT,120,437,373,50,94,21,0,20,64,0,2,57,105,1,4
Paul Hoover,34,PHI,9,25,22,6,5,2,0,0,2,0,0,3,5,0,2
Paul Janish,27,CIN,82,228,200,23,52,10,0,5,25,1,3,22,30,2,2
Paul Konerko,34,CHW,149,631,548,89,171,30,1,39,111,0,1,72,110,5,7
Paul Maholm,28,PIT,30,65,56,1,5,0,0,0,0,0,0,2,31,0,0
Paul McAnulty,29,LAA,9,24,22,2,3,0,0,1,2,0,0,2,11,0,0
Paul Phillips,33,COL,12,25,23,4,5,0,0,0,1,0,0,2,7,0,0
Pedro Alvarez,23,PIT,95,386,347,42,89,21,1,16,64,0,0,37,119,0,1
Pedro Feliz,35,TOT,137,429,409,36,89,12,2,5,40,1,1,13,41,1,1
Peter Bourjos,23,LAA,51,193,181,19,37,6,4,6,15,10,3,6,40,2,0
Placido Polanco,34,PHI,132,602,554,76,165,27,2,6,52,5,0,32,47,7,1
Prince Fielder,26,MIL,161,714,578,94,151,25,0,32,83,1,0,114,138,21,17
R.A. Dickey,35,NYM,25,61,51,7,13,2,0,0,5,0,0,3,8,0,0
Rafael Furcal,32,LAD,97,428,383,66,115,23,7,8,43,22,4,40,60,1,5
Rajai Davis,29,OAK,143,561,525,66,149,28,3,5,52,50,11,26,78,4,0
Ramiro Pena,24,NYY,85,167,154,18,35,1,1,0,18,7,1,6,27,1,0
Ramon Castro,34,CHW,37,128,115,18,32,2,0,8,21,1,0,9,26,0,0
Ramon Hernandez,34,CIN,97,352,313,30,93,18,1,7,48,0,0,29,49,5,1
Ramon Santiago,30,DET,112,367,320,38,84,9,1,3,22,2,2,30,56,7,0
Randy Ruiz,32,TOR,13,40,40,3,6,2,0,1,1,1,0,0,11,0,0
Randy Wells,27,CHC,30,63,52,1,9,2,0,0,3,0,0,2,15,0,0
Randy Winn,36,TOT,116,233,205,23,49,8,2,4,25,6,0,21,37,1,1
Randy Wolf,33,MIL,35,83,77,11,19,4,0,0,5,1,0,1,24,0,0
Raul Ibanez,38,PHI,155,636,561,75,154,37,5,16,83,4,3,68,108,0,11
Raúl Valdés,32,NYM,36,14,10,1,4,1,0,0,1,0,0,0,3,0,0
Reed Johnson,33,LAD,102,215,202,24,53,11,2,2,15,2,2,5,50,4,0
Reggie Willits,29,LAA,97,182,159,23,41,7,0,0,8,2,4,19,26,1,0
Reid Brignac,24,TBR,113,326,301,39,77,13,1,8,45,3,3,20,77,3,3
Rhyne Hughes,26,BAL,14,51,47,3,10,2,0,0,4,0,0,4,19,0,0
Rick Ankiel,30,TOT,74,240,211,31,49,13,1,6,24,3,1,26,71,2,2
Rickie Weeks,27,MIL,160,754,651,112,175,32,4,29,83,11,4,76,184,25,0
Ricky Nolasco,27,FLA,23,55,47,3,8,3,0,0,3,0,0,2,16,0,0
Rob Johnson,27,SEA,61,209,178,24,34,10,0,2,13,1,1,25,46,2,2
Robb Quinlan,33,LAA,23,36,33,4,4,2,0,0,2,2,0,2,6,0,0
Robert Andino,26,BAL,16,66,61,6,18,4,0,2,6,1,1,3,13,1,0
Rocco Baldelli,28,TBR,10,25,24,3,5,1,0,1,5,1,0,1,5,0,0
Rod Barajas,34,TOT,99,339,313,39,75,14,0,17,47,0,0,13,54,8,6
Rodrigo Lopez,34,ARI,31,72,64,2,5,0,0,0,1,0,0,1,35,1,0
Roger Bernadina,26,WSN,134,461,414,52,102,18,3,11,47,16,2,35,93,4,1
Ronnie Belliard,35,LAD,82,185,162,24,35,10,1,2,19,2,2,18,35,1,1
Ronny Cedeno,27,PIT,139,502,468,42,120,29,3,8,38,12,3,23,106,2,4
Ronny Paulino,29,FLA,91,344,316,31,82,18,0,4,37,1,0,25,51,0,4
Ross Gload,34,PHI,94,138,128,16,36,8,0,6,22,1,0,8,15,1,3
Ross Ohlendorf,27,PIT,18,30,26,0,2,0,0,0,0,0,0,2,16,0,0
Roy Halladay,33,PHI,31,95,92,6,13,0,0,0,5,0,0,1,42,0,0
Roy Oswalt,32,TOT,33,70,57,2,8,0,0,0,1,0,0,2,15,0,0
Ruben Tejada,20,NYM,78,255,216,28,46,12,0,1,15,2,2,22,38,8,3
Russ Mitchell,25,LAD,15,43,42,3,6,0,0,2,4,0,0,0,8,0,0
Russell Branyan,34,TOT,109,428,376,47,89,19,0,25,57,1,0,46,131,3,3
Russell Martin,27,LAD,97,387,331,45,82,13,0,5,26,6,2,48,61,4,7
Rusty Ryal,27,ARI,104,222,207,19,54,7,1,3,11,0,3,8,67,6,0
Ryan Braun,26,MIL,157,685,619,101,188,45,1,25,103,14,3,56,105,6,1
Ryan Church,31,TOT,106,238,219,25,44,16,1,5,25,1,0,16,65,3,1
Ryan Dempster,33,CHC,33,75,59,3,8,1,0,0,2,0,0,0,19,0,0
Ryan Doumit,29,PIT,124,456,406,42,102,22,1,13,45,1,0,41,87,8,4
Ryan Garko,29,TEX,15,38,33,0,3,0,0,0,3,0,0,3,4,0,1
Ryan Hanigan,29,CIN,70,243,203,25,61,11,0,5,40,0,0,33,21,4,4
Ryan Howard,30,PHI,143,620,550,87,152,23,5,31,108,1,1,59,157,8,11
Ryan Kalish,22,BOS,53,179,163,26,41,11,1,4,24,10,1,12,38,1,0
Ryan Langerhans,30,SEA,60,132,107,16,21,2,1,3,4,4,1,24,51,0,1
Ryan Ludwick,31,TOT,136,553,490,63,123,27,2,17,69,0,4,48,121,8,0
Ryan Raburn,29,DET,113,410,371,54,104,25,1,15,62,2,2,27,92,8,0
Ryan Roberts,29,ARI,36,71,66,8,13,4,0,2,9,0,0,3,17,0,1
Ryan Rohlinger,26,SFG,12,18,15,1,3,0,0,0,1,0,0,2,5,0,0
Ryan Spilborghs,30,COL,134,388,341,41,95,20,2,10,39,4,5,39,83,5,0
Ryan Sweeney,25,OAK,82,331,303,41,89,20,2,1,36,1,1,24,41,0,2
Ryan Theriot,30,TOT,150,640,586,72,158,15,2,2,29,20,9,41,74,4,3
Ryan Zimmerman,25,WSN,142,603,525,85,161,32,0,25,85,4,1,69,98,4,6
Sam Fuld,28,CHC,19,31,28,3,4,1,0,0,3,0,0,3,5,0,0
Scott Cousins,25,FLA,27,38,37,2,11,2,2,0,2,0,0,1,13,0,0
Scott Hairston,30,SDP,104,336,295,34,62,10,0,10,36,6,1,31,69,6,1
Scott Moore,26,BAL,41,96,86,8,18,2,0,3,10,3,0,8,19,0,1
Scott Olsen,26,WSN,17,28,24,0,2,0,0,0,0,0,0,0,12,0,0
Scott Podsednik,34,TOT,134,595,539,63,160,14,7,6,51,35,15,40,83,0,1
Scott Rolen,35,CIN,133,537,471,66,134,34,3,20,83,1,2,50,82,8,3
Scott Sizemore,25,DET,48,163,143,19,32,7,0,3,14,0,0,15,40,0,0
Sean Rodriguez,25,TBR,118,378,343,53,86,19,2,9,40,13,3,21,97,8,1
Seth Smith,27,COL,133,398,358,55,88,19,5,17,52,2,1,35,67,2,1
Shane Victorino,29,PHI,147,648,587,84,152,26,10,18,69,34,6,53,79,7,5
Shelley Duncan,30,CLE,85,259,229,29,53,10,0,11,36,1,0,26,76,3,2
Shin-Soo Choo,27,CLE,144,646,550,81,165,31,2,22,90,22,7,83,118,11,11
Skip Schumaker,30,STL,137,529,476,66,126,18,1,5,42,5,3,43,64,4,2
Starlin Castro,20,CHC,125,506,463,53,139,31,5,3,41,10,8,29,71,6,7
Stephen Drew,27,ARI,151,633,565,83,157,33,12,15,61,10,5,62,108,3,2
Stephen Strasburg,21,WSN,11,22,20,0,1,0,0,0,1,0,0,0,7,0,0
Steve Pearce,27,PIT,15,38,29,4,8,2,1,0,5,0,0,7,6,0,0
Steven Tolleson,26,OAK,25,53,49,5,14,3,0,1,4,0,0,4,9,0,0
Taylor Teagarden,26,TEX,28,85,71,10,11,1,0,4,6,0,0,8,34,2,0
Ted Lilly,34,TOT,28,62,54,1,2,0,0,0,1,0,0,3,26,1,0
Tim Hudson,34,ATL,33,85,77,4,15,4,0,0,4,0,0,0,21,0,0
Tim Lincecum,26,SFG,33,83,67,2,7,0,0,0,5,0,0,3,29,0,0
Tim Stauffer,28,SDP,32,21,17,2,3,2,0,0,2,0,0,2,12,0,0
Todd Helton,36,COL,118,473,398,48,102,18,1,8,37,0,0,67,90,2,3
Todd Wellemeyer,31,SFG,13,21,20,2,2,0,0,0,0,0,0,0,11,0,0
Tom Gorzelanny,27,CHC,28,45,40,1,5,0,0,0,2,0,0,0,18,0,0
Tommy Hanson,23,ATL,33,73,62,3,6,0,0,0,4,0,0,2,27,0,0
Tommy Manzella,27,HOU,83,282,258,17,58,7,0,1,21,0,1,13,71,3,1
Tony Abreu,25,ARI,81,201,193,16,45,11,1,1,13,2,1,4,47,0,0
Tony Gwynn,27,SDP,117,339,289,30,59,9,3,3,20,17,4,41,50,1,4
Torii Hunter,34,LAA,152,646,573,76,161,36,0,23,90,9,12,61,106,7,6
Travis Buck,26,OAK,14,48,42,6,7,2,0,1,2,1,0,4,14,1,0
Travis Hafner,33,CLE,118,462,396,46,110,29,0,13,50,2,1,51,94,12,10
Travis Ishikawa,26,SFG,116,173,158,18,42,11,0,3,22,0,0,13,29,0,2
Travis Snider,22,TOR,82,319,298,36,76,20,0,14,32,6,3,21,79,0,2
Travis Wood,23,CIN,17,42,37,1,7,2,1,1,3,0,0,0,15,0,0
Trent Oeltjen,27,LAD,14,30,23,5,5,1,1,0,1,0,0,4,8,1,0
Trevor Crowe,26,CLE,122,479,442,48,111,24,3,2,36,20,7,29,73,3,1
Trevor Plouffe,24,MIN,22,44,41,7,6,1,0,2,6,0,0,0,14,0,0
Troy Glaus,33,ATL,128,483,412,52,99,18,0,16,71,0,0,63,100,4,2
Troy Tulowitzki,25,COL,122,529,470,89,148,32,3,27,95,11,2,48,78,5,4
Ty Wigginton,32,BAL,154,649,581,63,144,29,1,22,76,0,1,50,116,8,3
Tyler Colvin,24,CHC,135,395,358,60,91,18,5,20,56,6,1,30,100,3,2
Tyler Flowers,24,CHW,8,15,11,2,1,0,0,0,0,0,0,4,5,0,0
Tyler Greene,26,STL,44,122,104,14,23,3,1,2,10,2,0,13,24,4,4
Ubaldo Jimenez,26,COL,32,83,77,5,8,0,0,0,4,0,0,2,18,0,0
Vernon Wells,31,TOR,157,646,590,79,161,44,3,31,88,6,4,50,84,3,5
Vicente Padilla,32,LAD,15,35,26,5,4,1,0,0,2,0,0,2,12,1,0
Victor Martinez,31,BOS,127,538,493,64,149,32,1,20,79,1,0,40,52,0,5
Vladimir Guerrero,35,TEX,152,643,593,83,178,27,1,29,115,4,5,35,60,9,5
Wade LeBlanc,25,SDP,25,49,44,2,13,0,0,0,1,0,0,1,12,0,0
Wandy Rodriguez,31,HOU,33,74,63,4,12,2,0,0,4,0,0,1,23,0,0
Welington Castillo,23,CHC,7,21,20,3,6,4,0,1,5,0,0,1,7,0,0
Wes Helms,34,FLA,127,287,254,25,56,12,4,4,39,0,2,26,76,4,1
Wil Nieves,32,WSN,59,172,158,10,32,8,0,3,16,0,0,8,29,1,2
Will Rhymes,27,DET,54,213,191,30,58,12,3,1,19,0,3,14,16,0,0
Will Venable,27,SDP,131,445,392,60,96,11,7,13,51,29,7,45,128,3,8
Willie Bloomquist,32,TOT,83,199,187,31,50,10,1,3,17,8,5,9,28,0,0
Willie Harris,32,WSN,132,262,224,25,41,6,2,10,32,5,2,33,60,2,0
Willy Aybar,27,TBR,100,309,270,22,62,13,0,6,43,0,0,30,61,3,1
Willy Taveras,28,WSN,27,37,35,7,7,0,1,0,4,1,2,2,6,0,0
Wilson Betemit,28,KCR,84,315,276,36,82,20,0,13,43,0,0,36,74,1,2
Wilson Ramos,22,TOT,22,82,79,5,22,7,0,1,5,0,0,2,12,1,0
Wilson Valdez,32,PHI,111,363,333,37,86,16,3,4,35,7,0,21,43,2,7
Xavier Nady,31,CHC,119,347,317,33,81,13,0,6,33,0,0,17,85,8,0
Xavier Paul,25,LAD,44,133,121,16,28,8,1,0,11,3,1,8,24,0,0
Yadier Molina,27,STL,136,521,465,34,122,19,0,6,62,8,4,42,51,7,6
Yamaico Navarro,22,BOS,20,46,42,4,6,0,0,0,5,0,0,2,17,0,1
Yonder Alonso,23,CIN,22,29,29,2,6,2,0,0,3,0,0,0,10,0,0
Yorvit Torrealba,31,SDP,95,363,325,31,88,14,0,7,37,7,5,33,67,3,2
Yovani Gallardo,24,MIL,32,72,63,7,16,4,0,4,10,0,0,5,17,2,0
Yunel Escobar,27,TOT,135,567,497,60,127,19,0,4,35,6,2,56,57,5,1
Yuniesky Betancourt,28,KCR,151,588,556,60,144,29,2,16,78,2,3,23,64,1,1
Zach Duke,27,PIT,32,58,48,5,3,2,0,0,0,0,0,2,17,0,0
