Name,Age,Tm,G,PA,AB,R,H,2B,3B,HR,RBI,SB,CS,BB,SO,HBP,IBB
A.J. Ellis,30,LAD,31,103,85,8,23,1,1,2,11,0,1,14,16,3,0
A.J. Pierzynski,34,CHW,129,500,464,38,133,29,1,8,48,0,0,23,33,5,6
Aaron Cook,32,COL,22,35,34,1,5,0,0,0,2,0,0,0,11,0,0
Aaron Cunningham,25,SDP,52,101,90,12,16,6,1,3,9,1,0,9,17,1,0
Aaron Harang,33,SDP,28,62,56,3,5,1,0,0,1,0,0,0,23,0,0
Aaron Hill,29,TOT,137,571,520,61,128,27,3,8,61,21,7,35,72,7,1
Aaron Miles,34,LAD,136,490,454,49,125,17,3,3,45,4,3,25,49,3,1
Aaron Rowand,33,SFG,108,351,331,34,77,22,2,4,21,2,3,10,84,9,1
Adam Dunn,31,CHW,122,496,415,36,66,16,0,11,42,0,1,75,177,4,0
Adam Everett,34,CLE,34,67,60,9,13,1,0,0,1,1,0,5,14,0,0
Adam Jones,25,BAL,151,618,567,68,159,26,2,25,83,12,4,29,113,9,2
Adam Kennedy,35,SEA,114,409,380,36,89,23,1,7,38,8,2,22,67,1,3
Adam LaRoche,31,WSN,43,177,151,15,26,4,0,3,15,1,0,25,37,0,0
Adam Lind,27,TOR,125,542,499,56,125,16,0,26,87,1,1,32,107,3,4
Adam Loewen,27,TOR,14,37,32,4,6,1,0,1,4,0,0,3,13,2,0
Adam Rosales,28,OAK,24,68,61,5,6,0,0,2,8,0,0,4,13,1,0
Adrian Beltre,32,TEX,124,525,487,82,144,33,0,32,105,1,1,25,53,5,0
Adrian Gonzalez,29,BOS,159,715,630,108,213,45,3,27,117,1,0,74,119,6,20
Albert Pujols,31,STL,147,651,579,105,173,29,0,37,99,9,1,61,58,4,15
Alberto Callaspo,28,LAA,141,536,475,54,137,23,0,6,46,8,1,58,48,1,8
Alberto Gonzalez,28,SDP,102,267,247,18,53,10,2,1,32,1,2,13,37,2,3
Alcides Escobar,24,KCR,158,598,548,69,139,21,8,4,46,26,9,25,73,4,1
Alejandro De Aza,27,CHW,54,171,152,29,50,11,3,4,23,12,5,17,34,1,1
Alex Avila,24,DET,141,551,464,63,137,33,4,19,82,3,1,73,131,3,9
Alex Cora,35,WSN,91,172,156,12,35,6,1,0,6,2,0,12,23,2,0
Alex Gonzalez,34,ATL,149,593,564,59,136,27,1,15,56,2,0,22,126,1,1
Alex Gordon,27,KCR,151,690,611,101,185,45,4,23,87,17,8,67,139,7,2
Alex Liddi,22,SEA,15,44,40,7,9,3,0,3,6,1,0,3,17,1,0
Alex Presley,25,PIT,52,231,215,27,64,12,6,4,20,9,3,13,40,1,1
Alex Rios,30,CHW,145,570,537,64,122,22,2,13,44,11,6,27,68,2,4
Alex Rodriguez,35,NYY,99,428,373,67,103,21,0,16,62,4,1,47,80,5,1
Alex White,22,TOT,7,14,13,1,1,1,0,0,0,0,0,0,6,0,0
Alexei Ramírez,29,CHW,158,684,614,81,165,31,2,15,70,7,5,51,84,6,1
Alexi Amarista,22,LAA,23,56,52,2,8,3,1,0,5,0,0,2,8,0,0
Alexi Casilla,26,MIN,97,365,323,52,84,21,4,2,21,15,4,28,45,3,0
Alfonso Soriano,35,CHC,137,508,475,50,116,27,1,26,88,2,1,27,113,4,4
Alfredo Amezaga,33,TOT,40,87,77,6,14,1,0,0,4,0,0,7,14,0,0
Allen Craig,26,STL,75,219,200,33,63,15,0,11,40,5,0,15,40,1,0
Andre Ethier,29,LAD,135,551,487,67,142,30,0,11,62,0,1,58,103,3,9
Andres Blanco,27,TEX,36,82,76,9,17,3,0,2,3,0,1,4,14,0,0
Andres Torres,33,SFG,112,398,348,50,77,24,1,4,19,19,6,42,95,4,0
Andrew Brown,26,STL,11,22,22,1,4,1,0,0,3,0,0,0,8,0,0
Andrew McCutchen,24,PIT,158,678,572,87,148,34,5,23,89,23,10,89,126,9,3
Andrew Romine,25,LAA,10,18,16,2,2,0,0,0,0,1,0,1,6,0,0
Andruw Jones,34,NYY,77,222,190,27,47,8,0,13,33,0,0,29,62,3,0
Andy Dirks,25,DET,78,235,219,34,55,13,0,7,28,5,2,11,36,3,1
Andy LaRoche,27,OAK,40,104,93,10,23,6,1,0,5,0,0,8,19,2,1
Andy Parrino,25,SDP,24,55,44,3,8,1,0,0,4,1,0,9,17,1,1
Angel Pagan,29,NYM,123,532,478,68,125,24,4,7,56,32,7,44,62,1,4
Angel Sanchez,27,HOU,110,328,288,35,69,10,0,1,28,3,0,27,44,1,1
Anibal Sanchez,27,FLA,31,70,57,1,7,0,0,0,3,0,0,4,23,0,0
Anthony Recker,27,OAK,5,21,17,3,3,1,0,0,0,0,0,4,7,0,0
Anthony Rizzo,21,SDP,49,153,128,9,18,8,1,1,9,2,1,21,46,4,1
Aramis Ramirez,33,CHC,149,626,565,80,173,35,1,26,93,1,1,43,69,10,5
Armando Galarraga,29,ARI,8,16,15,0,0,0,0,0,1,0,0,0,7,0,0
Asdrubal Cabrera,25,CLE,151,667,604,87,165,32,3,25,92,17,5,44,119,11,5
Aubrey Huff,34,SFG,150,579,521,45,128,27,1,12,59,5,3,47,90,2,6
Austin Jackson,24,DET,153,668,591,90,147,22,11,10,45,22,5,56,181,4,3
Austin Kearns,31,CLE,57,174,150,18,30,5,1,2,7,0,4,18,48,4,0
Austin Romine,22,NYY,9,20,19,2,3,0,0,0,0,0,0,1,5,0,0
Barry Enright,25,ARI,8,15,12,1,2,0,0,1,2,0,0,2,2,0,0
Barry Zito,33,SFG,12,14,13,0,0,0,0,0,0,0,0,1,5,0,0
Ben Francisco,29,PHI,100,293,250,24,61,10,1,6,34,4,4,33,42,5,1
Ben Revere,23,MIN,117,481,450,56,120,9,5,0,30,34,9,26,41,2,1
Ben Zobrist,30,TBR,156,674,588,99,158,46,6,20,91,19,6,77,128,2,1
Bill Hall,31,TOT,62,199,185,24,39,9,2,2,14,3,2,11,63,2,1
Billy Butler,25,KCR,159,673,597,74,174,44,0,19,95,2,1,66,95,3,15
Blake Davis,27,BAL,25,65,59,6,15,3,1,1,6,1,1,6,13,0,0
Blake DeWitt,25,CHC,121,243,230,21,61,11,4,5,26,1,0,12,31,1,1
Blake Tekotte,24,SDP,19,40,34,1,6,1,1,0,1,2,1,4,21,0,0
Bobby Abreu,37,LAA,142,585,502,54,127,30,1,8,60,21,5,78,113,1,5
Bobby Wilson,28,LAA,57,127,111,5,21,8,0,1,8,0,2,10,16,0,1
Brad Emaus,25,NYM,14,42,37,2,6,0,0,0,1,0,0,4,9,1,1
Brad Hand,21,FLA,10,20,17,1,2,0,0,0,1,0,0,0,7,0,0
Brad Hawpe,32,SDP,62,216,195,19,45,10,0,4,19,0,0,19,68,1,2
Brad Lincoln,26,PIT,13,14,12,1,1,1,0,0,1,0,0,1,5,0,0
Brandon Allen,25,TOT,52,195,175,23,35,9,2,6,18,3,0,18,68,1,3
Brandon Beachy,24,ATL,24,50,43,0,3,0,0,0,1,0,0,1,22,0,0
Brandon Belt,23,SFG,63,209,187,21,42,6,1,9,18,3,2,20,57,2,1
Brandon Boggs,28,MIL,16,22,19,4,3,0,0,2,2,1,0,3,8,0,2
Brandon Crawford,24,SFG,66,220,196,22,40,5,2,3,21,1,3,23,31,0,1
Brandon Guyer,25,TBR,15,43,41,7,8,1,0,2,3,0,0,1,9,0,0
Brandon Hicks,25,ATL,17,22,21,1,1,0,0,0,1,0,0,1,9,0,0
Brandon Inge,34,DET,102,303,269,29,53,10,2,3,23,1,1,24,74,2,0
Brandon Laird,23,NYY,11,25,21,3,4,0,0,0,1,0,0,3,4,0,0
Brandon Phillips,30,CIN,150,675,610,94,183,38,2,18,82,14,9,44,85,9,3
Brandon Snyder,24,BAL,6,17,13,2,3,1,0,0,1,0,0,3,4,1,0
Brandon Wood,26,TOT,105,272,250,26,54,10,0,7,31,0,0,19,73,0,2
Brayan Pena,29,KCR,72,240,222,17,55,11,0,3,24,0,0,12,24,2,0
Brendan Ryan,29,SEA,123,494,436,51,108,19,3,3,39,13,3,34,87,10,0
Brennan Boesch,26,DET,115,472,428,75,121,25,1,16,54,5,3,35,83,5,2
Brent Lillibridge,27,CHW,97,216,186,38,48,5,1,13,29,10,6,17,62,7,1
Brent Morel,24,CHW,126,444,413,44,101,18,1,10,41,5,4,22,57,3,0
Brett Gardner,27,NYY,159,588,510,87,132,19,8,7,36,49,13,60,93,8,1
Brett Hayes,27,FLA,64,144,130,19,30,9,0,5,16,0,0,11,39,0,2
Brett Lawrie,21,TOR,43,171,150,26,44,8,4,9,25,7,1,16,31,3,1
Brett Myers,30,HOU,32,71,63,3,10,1,0,0,0,0,0,4,22,0,0
Brett Pill,26,SFG,15,53,50,7,15,3,2,2,9,0,1,2,8,0,0
Brett Wallace,24,HOU,115,379,336,37,87,22,0,5,29,1,1,36,91,3,4
Brian Bixler,28,WSN,79,94,83,9,17,1,2,0,2,4,3,7,19,0,3
Brian Bogusevic,27,HOU,87,182,164,22,47,14,1,4,15,4,2,15,40,1,1
Brian Dinkelman,27,MIN,23,78,73,5,22,1,0,0,4,2,0,4,14,1,2
Brian McCann,27,ATL,128,527,466,51,126,19,0,24,71,3,2,57,89,2,14
Brian Roberts,33,BAL,39,178,163,18,36,7,1,3,19,6,1,12,21,0,0
Brian Schneider,34,PHI,41,139,125,11,22,4,0,2,9,0,0,11,35,1,1
Bronson Arroyo,34,CIN,35,66,57,1,6,2,0,0,2,0,0,1,27,0,0
Brooks Conrad,31,ATL,92,122,103,11,23,5,0,4,13,2,0,15,41,1,2
Bryan LaHair,28,CHC,20,69,59,9,17,5,1,2,6,0,0,9,18,0,0
Bryan Petersen,25,FLA,74,241,204,18,54,13,3,2,10,7,1,26,49,5,2
Bud Norris,26,HOU,31,66,53,3,7,2,0,0,5,0,0,1,25,0,0
Buster Posey,24,SFG,45,185,162,17,46,5,0,4,21,3,0,18,30,4,3
Cameron Maybin,24,SDP,137,568,516,82,136,24,8,9,40,40,8,44,125,2,2
Carl Crawford,29,BOS,130,539,506,65,129,29,7,11,56,18,6,23,104,3,1
Carlos Beltran,34,TOT,142,598,520,78,156,39,6,22,84,4,2,71,88,3,7
Carlos Corporan,27,HOU,52,173,154,9,29,8,1,0,11,0,0,10,49,4,4
Carlos Gomez,25,MIL,94,258,231,37,52,11,3,8,24,16,2,15,64,2,0
Carlos Gonzalez,25,COL,127,542,481,92,142,27,3,26,92,20,5,48,105,7,8
Carlos Guillen,35,DET,28,102,95,8,22,2,1,3,13,1,1,5,16,0,0
Carlos Lee,35,HOU,155,653,585,66,161,38,4,18,94,4,3,59,60,3,8
Carlos Peguero,24,SEA,46,155,143,14,28,3,2,6,19,0,1,8,54,3,2
Carlos Pena,33,CHC,153,606,493,72,111,27,3,28,80,2,2,101,161,4,7
Carlos Quentin,28,CHW,118,483,421,53,107,31,0,24,77,1,1,34,84,23,0
Carlos Ruiz,32,PHI,132,472,410,49,116,23,0,6,40,1,0,48,48,10,10
Carlos Santana,25,CLE,155,658,552,84,132,35,2,27,79,5,3,97,133,2,7
Carlos Zambrano,30,CHC,22,48,44,8,14,2,0,2,5,0,0,2,14,0,0
Casey Blake,37,LAD,63,239,202,32,51,10,1,4,26,1,2,26,50,3,1
Casey Coleman,23,CHC,21,29,25,1,4,1,1,0,0,0,0,0,6,0,0
Casey Kotchman,28,TBR,146,563,500,44,153,24,2,10,48,2,2,48,66,12,5
Casey McGehee,28,MIL,155,600,546,46,122,24,2,13,67,0,3,45,104,1,4
Casper Wells,26,TOT,95,241,215,30,51,11,0,11,27,3,2,18,71,7,2
Cesar Izturis,31,BAL,18,33,30,4,6,0,0,0,1,0,0,2,10,0,0
Chad Billingsley,26,LAD,30,65,56,4,9,3,0,1,4,0,0,4,23,0,0
Charlie Blackmon,24,COL,27,102,98,9,25,1,0,1,8,5,1,3,8,0,1
Charlie Morton,27,PIT,29,64,50,0,4,3,0,0,2,0,0,1,29,0,0
Chase d'Arnaud,24,PIT,48,151,143,17,31,6,2,0,6,12,2,4,36,1,0
Chase Headley,27,SDP,113,439,381,43,110,28,1,4,44,13,2,52,92,2,8
Chase Utley,32,PHI,103,454,398,54,103,21,6,11,44,14,0,39,47,14,4
Chien-Ming Wang,31,WSN,11,20,19,0,1,0,0,0,1,0,0,1,10,0,0
Chin-lung Hu,27,NYM,22,23,20,2,1,0,0,0,1,1,0,1,11,0,0
Chipper Jones,39,ATL,126,512,455,56,125,33,1,18,70,2,2,51,80,0,10
Chone Figgins,33,SEA,81,313,288,24,54,11,1,1,15,11,6,21,42,0,1
Chris Capuano,32,NYM,34,62,56,2,4,2,0,0,0,0,0,0,33,0,0
Chris Carpenter,36,STL,32,82,71,2,11,3,0,0,5,0,0,2,25,0,0
Chris Carter,24,OAK,15,46,44,2,6,0,0,0,0,0,0,2,20,0,0
Chris Coghlan,26,FLA,65,298,269,33,62,20,1,5,22,7,6,22,49,4,3
Chris Davis,25,TOT,59,210,199,25,53,12,0,5,19,1,0,11,63,0,1
Chris Denorfia,30,SDP,111,340,307,38,85,13,2,5,19,11,6,28,49,1,1
Chris Dickerson,29,NYY,60,55,50,9,13,2,0,1,7,4,0,2,17,1,0
Chris Getz,27,KCR,118,429,380,50,97,6,3,0,26,21,7,30,45,3,0
Chris Gimenez,28,SEA,24,70,59,6,12,1,0,1,6,0,1,10,13,0,0
Chris Heisey,26,CIN,120,308,279,44,71,9,1,18,50,6,1,19,78,5,3
Chris Iannetta,28,COL,112,426,345,51,82,17,1,14,55,6,3,70,89,5,5
Chris Johnson,26,HOU,107,405,378,32,95,21,3,7,42,2,2,16,97,7,3
Chris Marrero,22,WSN,31,117,109,6,27,5,0,0,10,0,0,4,27,1,0
Chris Narveson,29,MIL,29,59,49,2,8,2,0,0,5,0,0,3,19,0,0
Chris Nelson,25,COL,63,189,180,20,45,10,1,4,16,3,1,7,35,1,1
Chris Parmelee,23,MIN,21,88,76,8,27,6,0,4,14,0,0,12,13,0,0
Chris Snyder,30,PIT,34,119,96,13,26,3,0,3,17,0,1,17,23,1,0
Chris Stewart,29,SFG,67,183,162,20,33,8,0,3,10,0,0,16,18,2,4
Chris Valaika,25,CIN,14,27,25,3,7,1,1,0,0,0,0,2,3,0,0
Chris Volstad,24,FLA,27,52,46,3,9,2,0,0,2,0,0,1,19,0,0
Chris Young,27,ARI,156,659,567,89,134,38,3,20,71,22,9,80,139,4,4
Clay Hensley,31,FLA,37,17,14,0,0,0,0,0,0,0,0,1,5,0,0
Clayton Kershaw,23,LAD,32,86,71,10,16,0,0,0,4,0,0,3,13,1,0
Clayton Mortensen,26,COL,15,15,13,1,0,0,0,0,1,0,0,1,9,0,0
Clayton Richard,27,SDP,18,32,28,0,3,1,0,0,2,0,0,1,12,0,0
Cliff Lee,32,PHI,34,82,75,6,15,2,0,2,7,1,0,1,26,0,0
Cliff Pennington,27,OAK,148,570,515,57,136,26,2,8,58,14,9,42,104,1,1
Clint Barmes,32,HOU,123,495,446,47,109,27,0,12,39,3,1,38,88,7,2
Coco Crisp,31,OAK,136,583,531,69,140,27,5,8,54,49,9,41,65,1,2
Cody Ransom,35,ARI,12,37,33,3,5,2,0,1,4,1,0,3,9,1,0
Cody Ross,30,SFG,121,461,405,54,97,25,0,14,52,5,2,49,96,4,4
Colby Rasmus,24,TOT,129,526,471,75,106,24,6,14,53,5,2,50,116,0,2
Cole Hamels,27,PHI,32,75,69,2,11,0,1,0,3,0,1,3,33,0,0
Collin Cowgill,25,ARI,36,100,92,8,22,3,0,1,9,4,2,8,28,0,1
Conor Gillaspie,23,SFG,15,21,19,2,5,0,0,1,2,0,0,2,1,0,0
Conor Jackson,29,TOT,114,390,352,32,86,17,1,5,43,3,1,32,53,3,0
Cord Phelps,24,CLE,35,80,71,10,11,2,1,1,6,1,0,8,17,0,0
Corey Hart,29,MIL,130,551,492,80,140,25,4,26,63,7,6,51,114,4,1
Corey Patterson,31,TOT,133,397,368,49,88,20,3,6,36,13,9,17,77,1,1
Cory Luebke,26,SDP,44,36,33,3,7,0,0,0,0,0,0,2,16,0,0
Craig Counsell,40,MIL,107,187,157,19,28,2,1,1,9,2,1,20,21,3,2
Craig Gentry,27,TEX,64,153,133,26,36,5,1,1,13,18,0,10,27,6,1
Craig Tatum,28,BAL,31,96,87,7,17,3,0,0,7,1,0,6,21,0,0
Curtis Granderson,30,NYY,156,691,583,136,153,26,10,41,119,25,10,85,169,12,0
Dallas McPherson,30,CHW,11,15,15,1,2,0,0,0,0,0,0,0,7,0,0
Dan Johnson,31,TBR,31,91,84,7,10,1,0,2,4,0,0,6,18,1,0
Dan Uggla,31,ATL,161,672,600,88,140,22,1,36,82,1,3,62,156,7,2
Dane Sardinha,32,PHI,15,43,32,8,7,1,0,0,1,0,0,10,13,1,1
Daniel Descalso,24,STL,148,375,326,35,86,20,3,1,28,2,2,33,65,3,9
Daniel Hudson,24,ARI,32,79,65,5,18,3,0,1,14,0,0,3,21,0,0
Daniel Murphy,26,NYM,109,423,391,49,125,28,2,6,49,5,5,24,42,3,2
Danny Espinosa,24,WSN,158,658,573,72,135,29,5,21,66,17,6,57,166,19,4
Danny Valencia,26,MIN,154,608,564,63,139,28,2,15,72,2,6,40,102,0,2
Danny Worth,25,DET,30,39,37,6,10,2,0,0,3,0,0,2,9,0,0
Daric Barton,25,OAK,67,280,236,27,50,13,0,0,21,2,1,39,47,2,3
Darnell McDonald,32,BOS,79,175,157,26,37,6,1,6,24,2,3,14,33,2,0
Darren Ford,25,SFG,26,16,14,7,4,0,0,0,0,7,5,1,5,1,0
Darwin Barney,25,CHC,143,571,529,66,146,23,6,2,43,9,2,22,67,8,2
Dave Sappelt,24,CIN,38,118,107,14,26,8,0,0,5,1,1,7,17,0,0
David Cooper,24,TOR,27,81,71,9,15,7,0,2,12,0,0,7,14,1,0
David DeJesus,31,OAK,131,506,442,60,106,20,5,10,46,4,3,45,86,11,1
David Freese,28,STL,97,363,333,41,99,16,1,10,55,1,0,24,75,4,0
David Murphy,29,TEX,120,440,404,46,111,14,2,11,46,11,6,33,61,0,3
David Ortiz,35,BOS,146,605,525,84,162,40,1,29,96,1,1,78,83,1,12
David Ross,34,ATL,52,171,152,14,40,7,0,6,23,0,1,16,51,0,0
David Wright,28,NYM,102,447,389,60,99,23,1,14,61,13,2,52,97,3,4
Dayán Viciedo,22,CHW,29,113,102,11,26,3,0,1,6,1,0,9,23,2,0
Dee Gordon,23,LAD,56,233,224,34,68,9,2,0,11,24,7,7,27,0,0
Delmon Young,25,TOT,124,503,473,54,127,21,1,12,64,1,0,23,85,2,2
Denard Span,27,MIN,70,311,284,37,75,11,5,2,16,6,1,27,36,0,0
Derek Jeter,37,NYY,131,607,546,84,162,24,4,6,61,16,6,46,81,6,0
Derek Lowe,38,ATL,32,65,52,4,9,4,0,1,7,0,0,4,18,0,0
Derrek Lee,35,TOT,113,477,435,55,116,17,2,19,59,2,1,33,110,6,2
Desmond Jennings,24,TBR,63,287,247,44,64,9,4,10,25,20,6,31,59,6,1
Devin Mesoraco,23,CIN,18,53,50,5,9,3,0,2,6,0,0,3,10,0,1
Dewayne Wise,33,TOT,69,104,99,10,20,2,1,2,7,6,2,3,36,1,0
Dexter Fowler,25,COL,125,563,481,84,128,35,15,5,45,12,9,68,130,6,3
Dillon Gee,25,NYM,29,58,46,3,5,0,0,0,4,0,0,2,22,1,0
Dioner Navarro,27,LAD,64,202,176,13,34,6,1,5,17,0,0,20,35,1,4
Diory Hernandez,27,ATL,22,35,33,4,7,1,0,1,4,0,0,0,5,0,0
DJ LeMahieu,22,CHC,37,62,60,3,15,2,0,0,4,0,0,1,12,0,0
Domonic Brown,23,PHI,56,210,184,28,45,10,1,5,19,3,1,25,35,0,1
Don Kelly,31,DET,112,281,257,35,63,8,3,7,28,2,1,14,32,3,0
Donnie Murphy,28,FLA,36,100,92,10,17,4,1,2,9,0,0,4,21,3,1
Dontrelle Willis,29,CIN,16,34,31,2,12,3,1,1,4,0,0,0,4,0,0
Doug Davis,35,CHC,7,13,10,0,0,0,0,0,0,0,0,0,4,0,0
Drew Butera,27,MIN,93,254,234,19,39,9,1,2,23,0,0,11,42,2,0
Drew Stubbs,26,CIN,158,681,604,92,147,22,3,15,44,40,10,63,205,7,1
Drew Sutton,28,BOS,31,60,54,11,17,7,0,0,7,0,0,3,13,1,0
Dustin Ackley,23,SEA,90,376,333,39,91,16,7,6,36,6,0,40,79,0,1
Dustin Moseley,29,SDP,18,36,29,0,4,0,0,0,0,0,0,1,11,0,0
Dustin Pedroia,27,BOS,159,731,635,102,195,37,3,21,91,26,8,86,85,1,6
Dusty Brown,29,PIT,11,30,28,2,3,0,0,0,0,1,0,1,10,0,0
Edgar Renteria,34,CIN,96,333,299,34,75,14,0,5,36,4,2,24,65,1,0
Edinson Volquez,27,CIN,18,34,26,2,3,0,0,0,0,0,0,1,13,0,0
Eduardo Nunez,24,NYY,112,338,309,38,82,18,2,5,30,22,6,22,37,0,2
Edwin Encarnacion,28,TOR,134,530,481,70,131,36,0,17,55,8,2,43,77,3,2
Edwin Jackson,27,TOT,15,34,30,2,8,0,0,0,2,0,1,1,9,0,0
Eli Whiteside,31,SFG,82,236,213,14,42,8,2,4,17,2,1,18,59,2,3
Eliezer Alfonzo,32,COL,25,79,75,2,20,1,0,1,9,0,0,3,13,1,0
Elliot Johnson,27,TBR,70,181,160,20,31,7,2,4,17,6,7,14,53,0,0
Elvis Andrus,22,TEX,150,665,587,96,164,27,3,5,60,37,12,56,74,5,0
Emilio Bonifacio,26,FLA,152,641,565,78,167,26,7,5,36,40,11,59,129,1,1
Emmanuel Burriss,26,SFG,59,152,137,14,28,1,0,0,4,11,3,6,17,3,0
Endy Chavez,33,TEX,83,274,256,37,77,11,3,5,27,10,5,10,30,0,0
Eric Chavez,33,NYY,58,175,160,16,42,7,1,2,26,0,0,14,34,0,3
Eric Fryer,25,PIT,10,29,26,5,7,0,0,0,0,1,1,3,7,0,1
Eric Hinske,33,ATL,117,264,236,24,55,10,0,10,28,0,1,26,71,1,1
Eric Hosmer,21,KCR,128,563,523,66,153,27,3,19,78,11,5,34,82,1,7
Eric Patterson,28,SDP,47,104,89,8,16,2,1,2,8,8,2,12,22,0,0
Eric Sogard,25,OAK,27,74,70,7,14,3,0,2,4,0,0,4,13,0,0
Eric Thames,24,TOR,95,394,362,58,95,24,5,12,37,2,1,23,88,5,0
Eric Young Jr.,26,COL,77,229,198,34,49,4,3,0,10,27,4,26,38,3,0
Erick Almonte,33,MIL,16,29,29,1,3,0,0,1,3,0,0,0,4,0,0
Erick Aybar,27,LAA,143,605,556,71,155,33,8,10,59,30,6,31,68,6,1
Esmil Rogers,25,COL,22,31,27,2,7,1,0,0,0,0,0,0,12,0,0
Eugenio Velez,29,LAD,34,40,37,5,0,0,0,0,1,1,0,2,11,1,0
Evan Longoria,25,TBR,133,574,483,78,118,26,1,31,99,3,2,80,93,6,6
Ezequiel Carrera,24,CLE,68,226,202,27,49,8,3,0,14,10,5,16,35,1,0
Felipe Lopez,31,TOT,48,153,141,12,29,4,0,2,11,1,1,8,35,0,1
Felix Pie,26,BAL,85,175,164,15,36,8,1,0,7,3,2,10,32,0,0
Fernando Martinez,22,NYM,11,23,22,3,5,2,0,1,2,0,0,1,7,0,0
Francisco Cervelli,25,NYY,43,137,124,17,33,4,0,4,22,4,1,9,29,2,0
Franklin Gutierrez,28,SEA,92,344,322,26,72,13,0,1,19,13,2,16,56,1,1
Fred Lewis,30,CIN,81,210,183,20,42,7,0,3,19,2,5,22,38,3,2
Freddie Freeman,21,ATL,157,635,571,67,161,32,0,21,76,4,4,53,142,6,3
Freddy Sanchez,33,SFG,60,261,239,21,69,15,1,3,24,0,1,13,35,3,3
Gaby Sanchez,27,FLA,159,661,572,72,152,35,0,19,78,3,1,74,97,6,4
Garrett Jones,30,PIT,148,478,423,51,103,30,1,16,58,6,3,48,104,2,2
Geoff Blum,38,ARI,23,55,49,8,11,3,0,2,10,0,0,5,9,1,1
George Kottaras,28,MIL,49,123,111,15,28,6,1,5,17,0,1,10,26,0,0
Geovany Soto,28,CHC,125,474,421,46,96,26,0,17,54,0,0,45,124,6,3
Gerald Laird,31,STL,37,108,95,11,22,7,1,1,12,1,1,9,19,1,3
Gerardo Parra,24,ARI,141,493,445,55,130,20,8,8,46,15,1,43,82,3,16
Giancarlo Stanton,21,FLA,150,601,516,79,135,30,5,34,87,5,5,70,166,9,6
Gordon Beckham,24,CHW,150,557,499,60,115,23,0,10,44,5,3,35,111,13,0
Grady Sizemore,28,CLE,71,295,268,34,60,21,1,10,32,0,2,18,85,6,1
Greg Dobbs,32,FLA,134,439,411,38,113,23,0,8,49,0,0,22,83,1,3
Greg Halman,23,SEA,35,91,87,7,20,2,1,2,6,5,1,2,32,1,0
Hank Conger,23,LAA,59,197,177,14,37,8,0,6,19,0,0,17,37,1,2
Hanley Ramirez,27,FLA,92,385,338,55,82,16,0,10,45,20,10,44,66,2,3
Hector Sanchez,21,SFG,13,34,31,0,8,2,0,0,1,0,0,3,6,0,0
Henry Blanco,39,ARI,37,112,100,12,25,3,1,8,12,0,1,12,21,0,1
Henry Sosa,25,HOU,10,18,15,3,1,1,0,0,0,0,0,2,8,0,0
Hideki Matsui,37,OAK,141,585,517,58,130,28,0,12,72,1,1,56,84,1,3
Hiroki Kuroda,36,LAD,30,71,61,2,7,0,0,0,1,0,0,4,20,0,0
Homer Bailey,25,CIN,21,45,39,7,11,2,0,0,2,0,0,1,11,0,0
Howie Kendrick,27,LAA,140,583,537,86,153,30,6,18,63,14,6,33,119,10,3
Humberto Quintero,31,HOU,79,272,262,22,63,12,1,2,25,1,0,6,53,1,2
Hunter Pence,28,TOT,154,668,606,84,190,38,5,22,97,8,2,56,124,1,3
Ian Desmond,25,WSN,154,639,584,65,148,27,5,8,49,25,10,35,139,4,2
Ian Kennedy,26,ARI,32,75,61,3,8,3,0,0,4,0,0,4,24,1,0
Ian Kinsler,29,TEX,155,723,620,121,158,34,4,32,77,30,4,89,71,8,2
Ian Stewart,26,COL,48,136,122,14,19,6,1,0,6,3,2,14,37,0,2
Ichiro Suzuki,37,SEA,161,721,677,80,184,22,3,5,47,40,7,39,69,0,13
Ike Davis,24,NYM,36,149,129,20,39,8,1,7,25,0,0,17,31,1,3
Ivan De Jesus,24,LAD,17,35,32,2,6,0,0,0,1,0,0,2,11,0,0
Ivan Rodriguez,39,WSN,44,137,124,14,27,7,0,2,19,0,0,10,28,1,2
J.A. Happ,28,HOU,28,53,43,3,7,1,0,1,4,0,0,3,17,0,0
J.D. Drew.01,35,BOS,81,286,248,23,55,6,1,4,22,0,1,33,58,2,4
J.D. Martinez,23,HOU,53,226,208,29,57,13,0,6,35,0,1,13,48,2,1
J.J. Hardy,28,BAL,129,567,527,76,142,27,0,30,80,0,0,31,92,2,3
J.P. Arencibia,25,TOR,129,486,443,47,97,20,4,23,78,1,1,36,133,4,3
J.R. Towles,27,HOU,54,165,147,11,27,7,0,3,11,0,0,13,26,2,1
Jack Cust,32,SEA,67,270,225,19,48,15,1,3,23,0,0,44,87,1,2
Jack Hannahan,31,CLE,110,366,320,38,80,16,2,8,40,2,1,38,80,2,0
Jack Wilson,33,TOT,79,232,214,25,52,9,0,0,11,5,2,10,39,0,0
Jacoby Ellsbury,27,BOS,158,732,660,119,212,46,5,32,105,39,15,52,98,9,1
Jaime Garcia,24,STL,30,68,62,3,6,0,0,1,6,0,0,1,18,0,0
Jair Jurrjens,25,ATL,23,55,47,0,5,0,0,0,1,0,0,1,13,0,0
Jake Fox,28,BAL,27,67,61,8,15,4,1,2,6,0,0,4,8,2,0
Jake Westbrook,33,STL,33,60,47,2,5,2,0,1,8,0,0,3,23,0,0
James Darnell,24,SDP,18,52,45,2,10,2,0,1,7,1,0,5,7,0,0
James Loney,27,LAD,158,582,531,56,153,30,1,12,65,4,0,42,67,1,7
James McDonald,26,PIT,31,63,55,3,5,1,0,0,3,0,0,3,29,0,0
Jamey Carroll,37,LAD,146,510,452,52,131,14,6,0,17,10,0,47,58,2,3
Jarrod Dyson,26,KCR,26,53,44,8,9,1,0,0,3,11,1,7,14,0,0
Jarrod Saltalamacchia,26,BOS,103,386,358,52,84,23,3,16,56,1,0,24,119,3,1
Jason Bartlett,31,SDP,139,618,554,61,136,22,3,2,40,23,10,48,98,5,0
Jason Bay,32,NYM,123,509,444,59,109,19,1,12,57,11,1,56,109,2,3
Jason Bourgeois,29,HOU,93,252,238,30,70,8,2,1,16,31,6,10,24,0,0
Jason Donald,26,CLE,39,143,132,13,42,6,1,1,8,3,2,7,35,3,0
Jason Giambi,40,COL,64,152,131,20,34,6,0,13,32,0,0,17,45,3,0
Jason Hammel,28,COL,32,61,46,3,7,1,0,1,4,0,0,1,15,0,0
Jason Heyward,21,ATL,128,456,396,50,90,18,2,14,42,9,2,51,93,4,4
Jason Jaramillo,28,PIT,23,45,43,1,14,3,0,0,6,1,0,2,12,0,0
Jason Kipnis,24,CLE,36,150,136,24,37,9,1,7,19,5,0,11,34,2,0
Jason Kubel,29,MIN,99,401,366,37,100,21,1,12,58,1,1,32,86,1,2
Jason Marquis,32,TOT,26,49,46,3,8,1,0,0,3,0,0,0,14,0,0
Jason Michaels,35,HOU,89,169,156,10,31,9,0,2,10,1,0,11,31,1,1
Jason Pridie,27,NYM,101,236,208,28,48,11,3,4,20,7,1,24,64,0,2
Jason Repko,30,MIN,67,144,133,21,30,2,0,2,11,7,2,6,38,2,0
Jason Varitek,39,BOS,68,250,222,32,49,10,1,11,36,0,0,21,67,4,0
Javier Vazquez,34,FLA,34,67,56,5,10,1,0,0,2,0,0,2,10,0,0
Jay Bruce,24,CIN,157,664,585,84,150,27,2,32,97,8,7,71,158,5,14
Jay Gibbons,34,LAD,24,62,55,5,14,2,0,1,5,0,0,5,14,1,1
Jayson Nix,28,TOR,46,151,136,15,23,5,1,4,16,4,1,12,42,2,1
Jayson Werth,32,WSN,150,649,561,69,130,26,1,20,58,19,3,74,160,10,5
JB Shuck,24,HOU,37,92,81,9,22,2,1,0,3,2,0,11,7,0,1
Jed Lowrie,27,BOS,88,341,309,40,78,14,4,6,36,1,1,23,60,2,2
Jeff Baker,30,CHC,81,212,201,20,54,12,1,3,23,0,0,10,46,0,0
Jeff Francoeur,27,KCR,153,656,601,77,171,47,4,20,87,22,10,37,123,8,3
Jeff Karstens,28,PIT,28,58,48,2,5,1,0,0,2,0,0,3,28,0,0
Jeff Keppinger,31,TOT,99,400,379,39,105,20,0,6,35,0,1,12,24,2,0
Jeff Mathis,28,LAA,93,281,247,18,43,12,0,3,22,1,2,15,75,2,2
Jemile Weeks,24,OAK,97,437,406,50,123,26,8,2,36,22,11,21,62,4,1
Jerad Head,28,CLE,10,25,24,2,3,1,0,0,1,1,0,0,5,1,0
Jeremy Hermida,27,TOT,30,66,58,5,11,2,1,2,9,0,0,7,26,1,0
Jerry Hairston,35,TOT,120,376,337,43,91,21,1,5,31,3,2,33,46,5,1
Jerry Sands,23,LAD,61,227,198,20,50,15,0,4,26,3,3,25,51,1,0
Jesus Flores,26,WSN,30,91,86,5,18,6,0,1,2,0,0,5,27,0,2
Jesus Guzman,27,SDP,76,271,247,33,77,22,2,5,44,9,2,22,43,1,2
Jesus Montero,21,NYY,18,69,61,9,20,4,0,4,12,0,0,7,17,1,2
Jhonny Peralta,29,DET,146,576,525,68,157,25,3,21,86,0,2,40,95,2,2
Jhoulys Chacin,23,COL,32,68,61,3,10,1,0,0,4,0,0,1,12,1,0
Jim Thome,40,TOT,93,324,277,32,71,16,0,15,50,0,0,46,92,0,4
Jimmy Paredes,22,HOU,46,179,168,16,48,8,2,2,18,5,4,9,47,0,0
Jimmy Rollins,32,PHI,142,631,567,87,152,22,2,16,63,30,8,58,59,3,5
Joe Benson,23,MIN,21,74,71,3,17,6,1,0,2,2,2,3,21,0,0
Joe Inglett,33,HOU,20,27,27,3,6,1,0,0,1,0,0,0,7,0,0
Joe Mather,28,ATL,36,83,75,4,16,4,0,1,9,0,1,6,23,0,2
Joe Mauer,28,MIN,82,333,296,38,85,15,0,3,30,0,0,32,38,3,7
Joe Saunders,30,ARI,30,67,61,2,12,1,0,0,4,0,0,2,15,0,0
Joey Votto,27,CIN,161,719,599,101,185,40,3,29,103,8,6,110,129,4,15
John Baker,30,FLA,16,16,13,0,2,0,0,0,1,0,0,2,3,0,0
John Bowker,27,TOT,31,32,30,0,4,1,0,0,2,0,1,2,11,0,1
John Buck,30,FLA,140,530,466,41,106,15,1,16,57,0,1,54,115,7,7
John Jaso,27,TBR,89,273,246,26,55,15,1,5,27,1,2,25,36,1,0
John Lannan,26,WSN,31,65,57,3,5,0,0,1,5,0,0,3,24,0,0
John Mayberry,27,PHI,104,296,267,37,73,17,1,15,49,8,3,26,55,2,2
John McDonald,36,TOT,84,245,227,21,52,10,1,2,22,2,4,12,27,1,0
Johnny Cueto,25,CIN,23,56,47,3,3,0,0,0,0,0,0,2,11,0,0
Johnny Damon,37,TBR,150,647,582,79,152,29,7,16,73,19,6,51,92,7,1
Johnny Giavotella,23,KCR,46,187,178,20,44,9,4,2,21,5,2,6,32,1,0
Jon Garland,31,LAD,8,16,11,1,0,0,0,0,0,0,0,1,3,0,0
Jon Jay,26,STL,159,503,455,56,135,24,2,10,37,6,7,28,81,7,1
Jon Niese,24,NYM,28,60,49,1,3,0,1,0,0,0,0,4,33,0,0
Jonathan Herrera,26,COL,104,320,281,28,68,5,1,3,14,4,4,28,40,1,0
Jonathan Lucroy,25,MIL,136,468,430,45,114,16,1,12,59,2,1,29,99,2,0
Jonathan Sanchez,28,SFG,18,31,29,2,6,4,0,0,1,0,0,1,12,0,0
Jonny Gomes,30,TOT,120,372,311,41,65,12,1,14,43,7,3,48,105,8,1
Jordan Lyles,20,HOU,19,29,25,2,3,0,0,0,0,0,0,2,9,0,0
Jordan Pacheco,25,COL,21,88,84,5,24,1,0,2,14,0,0,3,9,1,0
Jordan Schafer,24,TOT,82,338,302,46,73,10,3,2,13,22,4,28,70,2,0
Jordan Zimmermann,25,WSN,26,56,43,1,9,1,0,0,3,0,0,2,12,0,0
Jorge Cantu,29,SDP,57,155,144,8,28,4,0,3,16,0,0,7,28,1,1
Jorge De La Rosa,30,COL,10,23,21,1,5,0,0,0,3,0,0,0,10,0,0
Jorge Posada,39,NYY,115,387,344,34,81,14,0,14,44,0,2,39,76,2,4
Jose Altuve,21,HOU,57,234,221,26,61,10,1,2,12,7,3,5,29,2,0
Jose Bautista,30,TOR,149,655,513,105,155,24,2,43,103,9,5,132,111,6,24
Jose Constanza,27,ATL,42,119,109,21,33,1,1,2,10,7,4,6,14,0,0
Jose Lobaton,26,TBR,15,39,34,2,4,1,0,0,0,0,0,4,8,1,0
Jose Lopez,27,TOT,82,242,231,23,50,12,0,8,21,2,0,7,28,2,1
Jose Molina,36,TOR,55,191,171,19,48,12,1,3,15,2,1,15,44,1,0
Jose Morales,28,COL,22,71,60,6,16,3,0,0,7,0,1,9,12,0,4
Jose Reyes,28,NYM,126,586,537,101,181,31,16,7,44,39,7,43,41,0,9
Jose Tabata,22,PIT,91,382,334,53,89,18,1,4,21,16,7,40,61,4,1
Josh Bard,33,SEA,26,86,81,5,17,4,0,2,11,0,0,5,20,0,0
Josh Bell,24,BAL,26,65,61,6,10,0,0,0,6,0,0,4,25,0,0
Josh Collmenter,25,ARI,29,47,40,2,6,0,0,0,1,0,0,2,16,1,0
Josh Hamilton,30,TEX,121,538,487,80,145,31,5,25,94,8,1,39,93,2,13
Josh Harrison,23,PIT,65,204,195,21,53,13,2,1,16,4,1,3,24,0,0
Josh Johnson,27,FLA,9,23,19,1,3,0,0,0,4,0,0,2,10,0,0
Josh Reddick,24,BOS,87,278,254,41,71,18,3,7,28,1,2,19,50,1,1
Josh Rodriguez,26,PIT,7,14,12,1,1,0,0,0,1,0,0,1,8,1,0
Josh Satin,26,NYM,15,27,25,3,5,1,0,0,2,0,0,1,11,1,0
Josh Thole,24,NYM,114,386,340,22,91,17,0,3,40,0,2,38,47,4,6
Josh Willingham,32,OAK,136,563,488,69,120,26,0,29,98,4,1,56,150,11,3
Josh Wilson,30,TOT,60,92,85,13,19,5,0,2,5,1,0,4,22,0,0
Juan Castro,39,LAD,7,15,14,2,4,0,0,0,1,0,0,1,4,0,0
Juan Francisco,24,CIN,31,97,93,10,24,7,1,3,15,1,0,4,24,0,1
Juan Miranda,28,ARI,65,202,174,18,37,8,2,7,23,0,1,23,48,3,1
Juan Nicasio,24,COL,11,23,22,0,3,2,0,0,0,0,0,0,16,0,0
Juan Pierre,33,CHW,158,711,639,80,178,17,4,2,50,27,17,43,41,7,0
Juan Rivera,32,TOT,132,521,466,46,120,23,1,11,74,5,3,43,76,3,1
Juan Uribe,32,LAD,77,295,270,21,55,12,0,4,28,2,0,17,60,6,2
Julio Borbon,25,TEX,32,98,89,10,24,1,3,0,11,6,2,3,9,2,0
Julio Lugo,35,ATL,22,48,44,3,6,0,0,0,3,0,0,4,11,0,0
Justin Christian,31,SFG,18,51,47,6,12,5,0,0,4,3,2,2,8,0,0
Justin Morneau,30,MIN,69,288,264,19,60,16,0,4,30,0,0,19,44,3,1
Justin Ruggiano,29,TBR,46,111,105,11,26,4,0,4,13,1,1,4,26,0,0
Justin Sellers,25,LAD,36,139,123,20,25,9,0,1,13,1,0,12,21,2,0
Justin Smoak,24,SEA,123,489,427,38,100,24,0,15,55,0,0,55,105,3,4
Justin Turner,26,NYM,117,487,435,49,113,30,0,4,51,7,2,39,59,10,2
Justin Upton,23,ARI,159,674,592,105,171,39,5,31,88,21,9,59,126,19,9
Kelly Johnson,29,TOT,147,613,545,75,121,27,7,21,58,16,6,60,163,4,2
Kelly Shoppach,31,TBR,87,253,221,23,39,3,0,11,22,0,0,19,79,9,0
Kevin Correia,30,PIT,25,55,46,0,4,2,0,0,3,0,0,1,19,0,0
Kevin Kouzmanoff,29,TOT,73,257,234,24,55,11,0,7,33,2,0,12,46,6,1
Kevin Millwood,36,COL,9,23,19,3,3,0,0,2,3,0,0,1,8,0,0
Kevin Youkilis,32,BOS,120,517,431,68,111,32,2,17,80,3,0,68,100,14,3
Kila Ka'aihue,27,KCR,23,96,82,6,16,4,0,2,6,0,0,12,26,0,0
Kosuke Fukudome,34,TOT,146,603,530,59,139,27,3,8,35,4,6,61,110,4,4
Koyie Hill,32,CHC,46,153,134,15,26,3,1,2,9,1,0,14,40,0,3
Kurt Suzuki,27,OAK,134,515,460,54,109,26,0,14,44,2,2,38,64,7,1
Kyle Blanks,24,SDP,55,190,170,21,39,7,1,7,26,2,0,16,51,2,0
Kyle Hudson,24,BAL,14,29,28,3,4,0,0,0,2,2,0,0,6,0,0
Kyle Kendrick,26,PHI,34,31,24,1,5,0,0,0,0,0,0,2,9,0,0
Kyle Lohse,32,STL,33,70,63,3,11,2,0,0,3,0,0,1,17,0,0
Kyle McClellan,27,STL,43,41,35,3,5,1,0,0,4,0,0,1,12,0,0
Kyle Phillips,27,SDP,36,85,76,9,13,3,0,2,10,0,0,8,19,1,1
Kyle Seager,23,SEA,53,201,182,22,47,13,0,3,13,3,1,13,36,2,0
Lance Berkman,35,STL,145,587,488,90,147,23,2,31,94,2,6,92,93,3,17
Landon Powell,29,OAK,36,122,111,10,19,3,0,1,4,0,0,11,32,0,0
Laynce Nix,30,WSN,124,351,324,38,81,15,1,16,44,2,2,23,82,1,2
Liván Hernández,36,WSN,30,61,46,3,10,1,0,0,7,0,0,0,2,0,0
Logan Forsythe,24,SDP,62,169,150,12,32,9,1,0,12,3,1,12,33,3,3
Logan Morrison,23,FLA,123,525,462,54,114,25,4,23,72,2,1,54,99,5,3
Lonnie Chisenhall,22,CLE,66,223,212,27,54,13,0,7,22,1,0,8,49,1,1
Lorenzo Cain,25,KCR,6,23,22,4,6,1,0,0,1,0,0,1,4,0,0
Lou Marson,25,CLE,79,272,243,26,56,9,2,1,19,4,2,24,68,1,0
Lucas Duda,25,NYM,100,347,301,38,88,21,3,10,50,1,0,33,57,7,3
Luis Martinez,26,SDP,22,68,59,7,12,1,1,1,10,1,0,8,14,1,2
Luis Montanez,29,CHC,36,57,54,6,12,4,0,1,9,0,1,2,9,1,0
Luis Rodriguez,31,SEA,44,139,117,10,23,10,0,2,14,1,2,16,21,2,0
Luis Valbuena,25,CLE,17,44,43,4,9,0,0,1,1,1,0,1,9,0,0
Luke Hughes,26,MIN,96,317,287,31,64,12,0,7,30,3,2,24,79,3,0
Luke Scott,33,BAL,64,236,209,24,46,11,0,9,22,1,1,24,54,1,1
Lyle Overbay,34,TOT,121,440,394,43,92,21,1,9,47,2,1,42,88,2,2
Madison Bumgarner,21,SFG,34,75,59,5,7,4,0,0,3,0,0,5,18,0,0
Magglio Ordonez,37,DET,92,357,329,33,84,10,0,5,32,2,1,23,41,1,0
Maicer Izturis,30,LAA,122,494,449,51,124,35,0,5,38,9,6,33,65,8,3
Manny Pina,24,KCR,4,15,14,2,3,2,0,0,0,0,0,1,2,0,0
Manny Ramirez,39,TBR,5,17,17,0,1,0,0,0,1,0,0,0,4,0,0
Marco Estrada,27,MIL,40,16,12,1,3,1,0,0,0,0,0,0,5,0,0
Marco Scutaro,35,BOS,113,445,395,59,118,26,1,7,54,4,2,38,36,1,1
Marcus Thames,34,LAD,36,70,66,4,13,1,1,2,7,0,0,4,16,0,0
Mark DeRosa,36,SFG,47,97,86,9,24,2,0,0,12,1,1,8,18,2,0
Mark Ellis,34,TOT,132,519,480,55,119,24,1,7,41,14,5,22,75,6,0
Mark Hamilton,26,STL,38,51,47,5,10,3,0,0,4,0,0,4,16,0,0
Mark Kotsay,35,MIL,104,255,233,18,63,13,1,3,31,3,0,21,27,0,3
Mark Reynolds,27,BAL,155,620,534,84,118,27,1,37,86,6,4,75,196,7,2
Mark Teahen,29,TOT,78,177,160,14,32,4,0,4,14,0,1,16,45,0,1
Mark Teixeira,31,NYY,156,684,589,90,146,26,1,39,111,4,1,76,110,11,3
Mark Trumbo,25,LAA,149,573,539,65,137,31,1,29,87,9,4,25,120,5,6
Marlon Byrd,33,CHC,119,482,446,51,123,22,2,9,35,3,2,25,78,8,2
Martin Prado,27,ATL,129,590,551,66,143,26,2,13,57,4,8,34,52,1,1
Mat Gamel,25,MIL,10,27,26,1,3,1,0,0,2,0,0,1,4,0,0
Mat Latos,23,SDP,29,63,56,3,4,1,0,1,1,0,0,1,28,1,0
Matt Angle,25,BAL,31,95,79,12,14,4,0,1,7,11,1,12,13,1,0
Matt Cain,26,SFG,34,78,66,5,9,1,0,1,6,0,0,3,30,0,0
Matt Carpenter,25,STL,7,19,15,0,1,1,0,0,0,0,0,4,4,0,0
Matt Diaz,33,TOT,116,268,251,16,66,13,1,0,20,5,2,12,52,3,0
Matt Dominguez,21,FLA,17,48,45,2,11,4,0,0,2,0,0,2,8,1,0
Matt Downs,27,HOU,106,222,199,29,55,18,0,10,41,0,0,17,47,5,0
Matt Garza,27,CHC,30,71,64,2,6,0,0,0,1,0,0,1,42,1,0
Matt Holliday,31,STL,124,516,446,83,132,36,0,22,75,2,1,60,93,8,4
Matt Kemp,26,LAD,161,689,602,115,195,33,4,39,126,40,11,74,159,6,24
Matt LaPorta,26,CLE,107,385,352,34,87,23,1,11,53,1,0,23,87,5,1
Matt Pagnozzi,28,TOT,12,34,29,2,8,0,0,0,3,0,0,1,10,1,0
Matt Stairs,43,WSN,56,74,65,4,10,1,0,0,2,0,0,9,23,0,0
Matt Tolbert,29,MIN,87,226,207,22,41,10,2,0,11,3,2,11,31,4,0
Matt Treanor,35,TOT,72,242,196,24,42,6,0,3,22,2,2,34,53,4,0
Matt Wieters,25,BAL,139,551,500,72,131,28,0,22,68,1,0,48,84,2,3
Matt Young,28,ATL,20,52,48,4,10,1,0,0,1,0,1,4,6,0,0
Matthew Joyce,26,TBR,141,522,462,69,128,32,2,19,75,13,1,49,106,4,9
Melky Cabrera,26,KCR,155,706,658,102,201,44,5,18,87,20,10,35,94,1,3
Melvin Mora,39,ARI,42,135,127,5,29,6,0,0,16,0,1,2,24,2,1
Melvin Upton Jr.,26,TBR,153,640,560,82,136,27,4,23,81,36,12,71,161,4,4
Micah Owings,28,ARI,31,19,19,2,4,0,0,0,1,0,0,0,8,0,0
Michael Bourn,28,TOT,158,722,656,94,193,34,10,2,50,61,14,53,140,4,3
Michael Brantley,24,CLE,114,496,451,63,120,24,4,7,46,13,5,34,76,3,2
Michael Cuddyer,32,MIN,139,584,529,70,150,29,2,20,70,11,1,48,95,4,3
Michael Martinez,28,PHI,88,234,209,25,41,5,2,3,24,3,0,18,35,0,0
Michael McKenry,26,PIT,58,201,180,17,40,12,0,2,11,0,1,14,49,0,2
Michael Saunders,24,SEA,58,179,161,16,24,5,0,2,8,6,2,12,56,0,1
Michael Taylor,25,OAK,11,35,30,4,6,0,0,1,1,0,0,5,11,0,0
Michael Young,34,TEX,159,689,631,88,213,41,6,11,106,6,2,47,78,2,7
Miguel Cabrera,28,DET,161,688,572,111,197,48,0,30,105,2,1,108,89,3,22
Miguel Cairo,37,CIN,102,276,245,33,65,8,2,8,33,3,4,18,36,7,1
Miguel Montero,27,ARI,140,553,493,65,139,36,1,18,86,1,1,47,97,8,10
Miguel Olivo,32,SEA,130,507,477,54,107,19,1,19,62,6,5,20,140,1,2
Miguel Tejada,37,SFG,91,343,322,28,77,16,0,4,26,4,4,12,35,3,5
Mike Aviles,30,TOT,91,309,286,31,73,17,3,7,39,14,4,13,44,2,0
Mike Baxter,26,NYM,22,40,34,6,8,2,1,1,4,0,0,5,9,1,0
Mike Cameron,38,TOT,78,269,237,27,48,10,0,9,27,1,0,28,59,0,0
Mike Carp,25,SEA,79,313,290,27,80,17,1,12,46,0,2,19,81,3,0
Mike Fontenot,31,SFG,85,252,220,22,50,15,3,4,21,5,1,25,48,1,3
Mike Leake,23,CIN,37,66,55,7,11,2,0,0,2,0,0,1,23,0,0
Mike McCoy,30,TOR,80,228,197,26,39,8,0,2,10,12,2,25,41,1,1
Mike Minor,23,ATL,15,32,27,1,3,2,0,0,0,0,0,3,15,0,0
Mike Morse,29,WSN,146,575,522,73,158,36,0,31,95,2,3,36,126,13,5
Mike Moustakas,22,KCR,89,365,338,26,89,18,1,5,30,2,0,22,51,1,0
Mike Napoli,29,TEX,113,432,369,72,118,25,0,30,75,4,2,58,85,3,2
Mike Nickeas,28,NYM,21,59,53,4,10,1,0,1,6,0,1,4,11,0,0
Mike Pelfrey,27,NYM,31,63,55,1,6,2,0,0,4,0,0,4,14,0,0
Mike Trout,19,LAA,40,135,123,20,27,6,0,5,16,4,0,9,30,2,0
Mike Wilson,28,SEA,8,28,27,0,4,1,0,0,3,0,0,1,7,0,0
Milton Bradley,33,SEA,28,115,101,12,22,6,1,2,13,4,0,13,31,1,1
Mitch Maier,29,KCR,44,113,95,19,22,4,3,0,7,1,0,16,32,1,0
Mitch Moreland,25,TEX,134,512,464,60,120,22,1,16,51,2,2,39,92,4,6
Nate McLouth,29,ATL,81,321,267,35,61,12,2,4,16,4,2,44,52,3,4
Nate Schierholtz,27,SFG,115,362,335,42,93,22,1,9,41,7,4,21,61,4,3
Neil Walker,25,PIT,159,662,596,76,163,36,4,12,83,9,6,54,112,4,5
Nelson Cruz,30,TEX,124,513,475,64,125,28,1,29,87,9,5,33,116,2,1
Nick Evans,25,NYM,59,194,176,26,45,10,2,4,25,0,1,15,48,1,0
Nick Hundley,27,SDP,82,308,281,34,81,16,5,9,29,1,1,22,74,4,3
Nick Markakis,27,BAL,160,716,641,72,182,31,1,15,73,12,3,62,75,7,6
Nick Punto,33,STL,63,166,133,21,37,8,4,1,20,1,1,25,21,0,3
Nick Swisher,30,NYY,150,635,526,81,137,30,0,23,85,2,2,95,125,5,6
Nolan Reimold,27,BAL,87,305,267,40,66,10,3,13,45,7,2,28,57,6,1
Nyjer Morgan,30,MIL,119,429,378,61,115,20,6,4,37,13,4,19,70,14,0
Omar Infante,29,FLA,148,640,579,55,160,24,8,7,49,4,2,34,67,2,1
Omar Quintanilla,29,TEX,11,23,22,3,1,0,1,0,2,0,0,0,9,0,0
Omar Vizquel,44,CHW,58,182,167,18,42,7,1,0,8,1,2,9,18,0,0
Omir Santos,30,DET,11,22,22,1,5,0,0,0,0,0,0,0,4,0,0
Orlando Cabrera,36,TOT,130,477,450,39,107,16,0,5,51,8,4,17,57,3,0
Orlando Hudson,33,SDP,119,454,398,54,98,15,3,7,43,19,3,49,84,2,6
Osvaldo Martinez,23,FLA,20,23,23,0,3,0,0,0,1,0,0,0,9,0,0
Pablo Sandoval,24,SFG,117,466,426,55,134,26,3,23,70,2,4,32,63,0,9
Pat Burrell,34,SFG,92,219,183,17,42,9,1,7,21,0,0,33,67,2,0
Paul Goldschmidt,23,ARI,48,177,156,28,39,9,1,8,26,4,0,20,53,0,0
Paul Janish,28,CIN,114,366,336,27,72,14,1,0,23,3,2,18,46,4,1
Paul Konerko,35,CHW,149,639,543,69,163,25,0,31,105,1,1,77,89,8,17
Paul Maholm,29,PIT,24,53,46,1,5,0,0,0,1,0,0,3,22,0,0
Pedro Alvarez,24,PIT,74,262,235,18,45,9,1,4,19,1,0,24,80,2,1
Pedro Ciriaco,25,PIT,23,34,33,4,10,2,1,0,6,2,1,1,6,0,0
Pete Kozma,23,STL,16,22,17,2,3,1,0,0,1,0,0,4,4,0,0
Pete Orr,32,PHI,46,104,96,7,21,3,0,0,4,3,0,6,19,2,2
Peter Bourjos,24,LAA,147,552,502,72,136,26,11,12,43,22,9,32,124,10,0
Placido Polanco,35,PHI,122,523,469,46,130,14,0,5,50,3,0,42,44,3,0
Prince Fielder,27,MIL,162,692,569,95,170,36,1,38,120,1,1,107,106,10,32
R.A. Dickey.01,36,NYM,31,69,59,0,8,0,0,0,2,0,0,1,11,0,0
Rafael Furcal,33,TOT,87,369,333,44,77,15,0,8,28,9,5,28,39,4,0
Rajai Davis,30,TOR,95,338,320,44,76,21,6,1,29,34,11,15,63,1,0
Ramiro Pena,25,NYY,23,46,40,5,4,0,0,1,4,0,0,2,11,1,0
Ramon Castro,35,CHW,23,75,68,6,16,3,0,4,10,0,0,7,23,0,0
Ramon Hernandez,35,CIN,91,328,298,28,84,13,0,12,36,0,0,23,41,5,6
Ramon Santiago,31,DET,101,294,258,29,67,11,3,5,30,0,0,17,38,4,0
Randy Wells,28,CHC,22,50,43,2,6,0,0,0,1,0,0,1,13,0,0
Randy Wolf,34,MIL,31,66,61,2,10,3,0,0,0,0,0,0,25,1,0
Raul Ibanez,39,PHI,144,575,535,65,131,31,1,20,84,2,0,33,106,2,3
Reed Johnson,34,CHC,111,266,246,33,76,22,1,5,28,2,1,5,63,11,1
Reggie Willits,30,LAA,22,28,22,0,1,1,0,0,1,0,0,4,7,0,0
Reid Brignac,25,TBR,92,264,249,18,48,4,0,1,15,3,1,10,63,1,1
Rene Rivera,27,MIN,45,114,104,9,15,3,0,1,5,0,0,8,32,1,0
Rene Tosoni,24,MIN,60,189,172,20,35,7,1,5,22,0,2,14,42,3,0
Rick Ankiel,31,WSN,122,415,380,46,91,20,0,9,37,10,3,29,96,2,1
Rickie Weeks,28,MIL,118,515,453,77,122,26,2,20,49,9,2,50,107,8,3
Ricky Nolasco,28,FLA,31,71,56,5,5,2,0,0,1,0,0,3,22,1,0
Rob Johnson,28,SDP,67,199,179,9,34,6,1,3,16,3,0,14,58,3,1
Robert Andino,27,BAL,139,511,457,63,120,22,0,5,36,13,3,41,83,3,0
Robinson Cano,28,NYY,159,681,623,104,188,46,7,28,118,8,2,38,96,12,11
Robinson Chirinos,27,TBR,20,60,55,4,12,2,0,1,7,0,0,5,13,0,0
Rod Barajas,35,LAD,98,337,305,29,70,13,0,16,47,0,0,22,71,4,4
Rodrigo Lopez,35,CHC,25,33,30,1,2,0,0,0,0,0,0,1,11,0,0
Roger Bernadina,27,WSN,91,337,309,40,75,12,2,7,27,17,3,22,63,4,1
Ronny Cedeno,28,PIT,128,454,413,43,103,25,3,2,32,2,5,30,93,0,7
Ronny Paulino,30,NYM,78,248,228,19,61,13,0,2,19,0,0,15,38,1,3
Ross Detwiler,25,WSN,15,22,19,0,2,0,0,0,1,0,0,0,3,0,0
Ross Gload,35,PHI,93,118,113,3,29,8,0,0,8,0,0,3,23,0,0
Ross Ohlendorf,28,PIT,9,15,14,2,3,0,0,1,4,0,0,0,7,0,0
Roy Halladay,34,PHI,31,92,74,3,9,2,0,0,3,0,0,2,35,0,0
Roy Oswalt,33,PHI,23,49,38,2,3,0,0,0,2,0,0,4,14,0,0
Rubby De La Rosa,22,LAD,12,16,14,1,3,0,0,0,0,0,0,1,1,0,0
Ruben Tejada,21,NYM,96,376,328,31,93,15,1,0,36,5,1,35,50,6,3
Russ Mitchell,26,LAD,25,58,51,5,8,1,0,2,3,0,0,7,10,0,3
Russell Branyan,35,TOT,68,146,127,11,25,7,0,5,14,2,0,18,41,0,0
Russell Martin,28,NYY,125,476,417,57,99,17,0,18,65,8,2,50,81,5,1
Ryan Adams,24,BAL,29,96,89,9,25,4,0,0,7,0,0,6,25,1,0
Ryan Braun,27,MIL,150,629,563,109,187,38,6,33,111,33,6,58,93,5,2
Ryan Dempster,34,CHC,34,70,58,1,5,0,0,0,0,0,0,1,19,0,0
Ryan Doumit,30,PIT,77,236,218,17,66,12,1,8,30,0,1,16,35,1,0
Ryan Hanigan,30,CIN,91,304,266,27,71,6,0,6,31,0,0,35,32,2,3
Ryan Howard,31,PHI,152,644,557,81,141,30,1,33,116,1,0,75,172,7,16
Ryan Langerhans,31,SEA,19,64,52,6,9,0,0,3,6,0,1,11,22,0,0
Ryan Lavarnway,23,BOS,17,43,39,5,9,2,0,2,8,0,0,4,10,0,0
Ryan Ludwick,32,TOT,139,558,490,56,116,23,0,13,75,1,1,51,124,4,4
Ryan Raburn,30,DET,121,418,387,53,99,22,2,14,49,1,1,21,114,3,2
Ryan Roberts,30,ARI,143,555,482,86,120,25,2,19,65,18,9,66,98,2,2
Ryan Spilborghs,31,COL,98,223,200,22,42,8,1,3,22,2,2,19,49,2,0
Ryan Sweeney,26,OAK,108,299,264,34,70,11,3,1,25,1,1,33,48,0,3
Ryan Theriot,31,STL,132,483,442,46,120,26,1,1,47,4,6,29,41,4,0
Ryan Vogelsong,33,SFG,30,61,53,7,12,1,0,0,2,0,0,2,15,1,0
Ryan Zimmerman,26,WSN,101,440,395,52,114,21,2,12,49,3,1,41,73,1,4
Salvador Perez,21,KCR,39,158,148,20,49,8,2,3,21,0,0,7,20,1,0
Sam Fuld,29,TBR,105,346,308,41,74,18,5,3,27,20,8,32,49,1,0
Scott Cousins,26,FLA,48,58,52,5,7,1,0,1,4,1,1,6,21,0,0
Scott Hairston,31,NYM,79,145,132,20,31,8,1,7,24,1,1,11,34,2,2
Scott Rolen,36,CIN,65,269,252,31,61,20,2,5,36,1,0,10,36,4,0
Scott Sizemore,26,TOT,110,429,368,50,90,22,1,11,56,5,3,53,112,2,0
Sean Burroughs,30,ARI,78,115,110,8,30,4,0,1,8,1,0,3,15,0,0
Sean Rodriguez,26,TBR,131,436,373,45,83,20,3,8,36,11,7,38,87,18,2
Seth Smith,28,COL,147,533,476,67,135,32,9,15,59,10,2,46,93,4,7
Shane Victorino,30,PHI,132,586,519,95,145,27,16,17,61,19,3,55,63,6,1
Shaun Marcum,29,MIL,31,76,59,4,9,2,0,1,6,0,0,4,21,1,0
Shelley Duncan,31,CLE,76,247,223,29,58,17,0,11,47,0,1,19,56,3,1
Shin-Soo Choo,28,CLE,85,358,313,37,81,11,3,8,36,12,5,36,78,6,3
Skip Schumaker,31,STL,117,400,367,34,104,19,0,2,38,0,2,27,50,2,3
Starlin Castro,21,CHC,158,715,674,91,207,36,9,10,66,22,9,35,96,2,2
Stephen Drew,28,ARI,86,354,321,44,81,21,5,5,45,4,4,30,74,1,0
Steve Holm,31,MIN,6,18,17,1,2,1,0,0,0,0,0,1,4,0,0
Steve Lombardozzi,22,WSN,13,32,31,3,6,1,0,0,1,0,0,1,4,0,0
Steve Pearce,28,PIT,50,105,94,8,19,2,0,1,10,0,0,7,21,1,0
Taylor Green,24,MIL,20,37,37,2,10,3,0,0,1,0,0,0,6,0,0
Taylor Teagarden,27,TEX,14,36,34,3,8,2,0,0,2,0,0,2,13,0,0
Ted Lilly,35,LAD,32,63,58,0,5,2,0,0,4,1,1,0,13,0,0
Thomas Field,24,COL,16,51,48,4,13,0,0,0,3,0,0,3,14,0,0
Tim Federowicz,23,LAD,7,16,13,0,2,0,0,0,1,0,0,2,4,1,0
Tim Hudson,35,ATL,32,80,69,4,8,1,0,1,4,0,0,4,20,0,0
Tim Lincecum,27,SFG,32,72,61,0,5,0,0,0,1,0,0,3,30,0,0
Tim Stauffer,29,SDP,31,63,54,2,8,0,0,0,6,0,0,1,19,0,0
Todd Frazier,25,CIN,41,121,112,17,26,5,0,6,15,1,0,7,27,2,0
Todd Helton,37,COL,124,491,421,59,127,27,0,14,69,0,1,59,71,3,5
Tom Gorzelanny,28,WSN,29,33,28,2,3,0,0,0,1,0,0,2,13,0,0
Tommy Hanson,24,ATL,20,45,39,0,2,0,0,0,0,0,0,0,15,0,0
Tony Campana,25,CHC,95,155,143,24,37,3,0,1,6,24,2,8,30,1,1
Tony Cruz,24,STL,38,72,65,8,17,5,0,0,6,0,1,6,13,1,1
Tony Gwynn,28,LAD,136,340,312,37,80,12,6,2,22,22,6,23,61,1,1
Torii Hunter,35,LAA,156,649,580,80,152,24,2,23,82,5,7,62,125,4,2
Travis Buck,27,CLE,50,160,149,18,34,11,0,2,18,1,1,8,30,2,0
Travis Hafner,34,CLE,94,368,325,41,91,16,0,13,57,0,0,36,78,6,5
Travis Snider,23,TOR,49,202,187,23,42,14,0,3,30,9,3,11,56,1,1
Travis Wood,24,CIN,25,35,30,2,2,0,0,1,3,0,0,0,14,0,0
Trayvon Robinson,23,SEA,44,155,143,12,30,12,0,2,14,1,0,8,61,0,0
Trent Oeltjen,28,LAD,61,91,71,10,14,1,1,2,6,6,0,13,30,1,1
Trevor Crowe,27,CLE,15,32,28,6,6,1,0,0,2,3,0,4,9,0,0
Trevor Plouffe,25,MIN,81,320,286,47,68,18,1,8,31,3,3,25,71,4,0
Troy Tulowitzki,26,COL,143,606,537,81,162,36,2,30,105,9,3,59,79,4,12
Tsuyoshi Nishioka,26,MIN,68,240,221,14,50,5,0,0,19,2,4,15,43,1,1
Ty Wigginton,33,COL,130,446,401,52,97,21,2,15,47,8,1,38,84,5,4
Tyler Colvin,25,CHC,80,222,206,17,31,8,3,6,20,0,0,14,58,0,3
Tyler Flowers,25,CHW,38,129,110,13,23,5,1,5,16,0,1,14,38,3,0
Tyler Greene,27,STL,58,121,104,22,22,5,0,1,11,11,0,13,31,4,2
Ubaldo Jimenez,27,TOT,20,42,35,0,4,0,0,0,3,0,0,2,18,0,0
Vance Worley,23,PHI,24,48,45,4,10,1,0,0,5,0,0,1,14,0,0
Vernon Wells,32,LAA,131,529,505,60,110,15,4,25,66,9,4,20,86,1,0
Victor Martinez,32,DET,145,595,540,76,178,40,0,12,103,1,0,46,51,2,6
Vinny Rottino,31,FLA,8,14,12,1,2,0,0,0,0,0,0,2,4,0,0
Vladimir Guerrero,36,BAL,145,590,562,60,163,30,1,13,63,2,2,17,56,7,3
Wade LeBlanc,26,SDP,13,26,22,3,8,0,0,0,1,0,0,1,4,0,0
Wade Miley,24,ARI,8,16,13,1,1,0,0,0,1,0,0,2,2,0,0
Wandy Rodriguez,32,HOU,29,67,61,1,11,3,0,0,5,0,0,0,12,0,0
Welington Castillo,24,CHC,4,13,13,0,2,0,0,0,0,0,0,0,4,0,0
Wes Helms,35,FLA,69,124,110,10,21,5,0,0,6,0,0,11,35,2,1
Wil Nieves,33,MIL,20,54,50,2,7,2,0,0,0,0,0,3,12,0,1
Wilin Rosario,22,COL,16,57,54,6,11,3,1,3,8,0,0,2,20,0,0
Wilkin Ramirez,25,ATL,20,30,26,5,6,2,0,0,2,0,2,4,11,0,0
Will Rhymes,28,DET,29,99,85,13,20,3,0,0,2,1,0,11,12,0,0
Will Venable,28,SDP,121,411,370,49,91,14,7,9,44,26,3,31,92,5,4
Willie Bloomquist,33,ARI,97,381,350,44,93,10,2,4,26,20,10,23,51,4,3
Willie Harris,33,NYM,126,283,240,36,59,11,0,2,23,5,4,36,62,4,3
Wilson Betemit,29,TOT,97,359,323,40,92,22,4,8,46,4,1,31,105,0,6
Wilson Ramos,23,WSN,113,435,389,48,104,22,1,15,52,0,2,38,76,2,8
Wilson Valdez,33,PHI,99,300,273,39,68,14,4,1,30,3,3,18,41,0,3
Wily Mo Pena,29,TOT,39,120,113,15,23,3,0,7,15,0,0,5,39,2,0
Xavier Nady,32,ARI,82,223,206,26,51,11,0,4,35,2,0,10,46,3,1
Xavier Paul,26,TOT,128,262,243,30,62,6,5,2,20,16,6,13,62,0,1
Yadier Molina,28,STL,139,518,475,55,145,32,1,14,65,4,5,33,44,1,4
Yamaico Navarro,23,TOT,22,66,60,8,15,3,0,1,9,0,0,5,14,0,0
Yonder Alonso,24,CIN,47,98,88,9,29,4,0,5,15,0,0,10,21,0,0
Yorvit Torrealba,32,TEX,113,419,396,40,108,27,1,7,37,0,2,20,65,0,0
Yovani Gallardo,25,MIL,31,78,68,10,15,4,0,1,4,0,0,3,24,0,0
Yunel Escobar,28,TOR,133,590,513,77,149,24,3,11,48,3,3,61,70,6,1
Yuniesky Betancourt,29,MIL,152,584,556,51,140,27,3,13,68,4,4,16,63,2,3
Zach Duke,28,ARI,20,23,20,3,6,0,0,2,6,0,0,1,7,0,0
Zack Cozart,25,CIN,11,38,37,6,12,0,0,2,3,0,0,0,6,0,0
Zack Greinke,27,MIL,27,59,49,6,7,0,0,1,1,1,0,3,9,0,0
